"iso3c","year","meanwage.ILO"
"ABW",2010,1843.51
"AGO",2011,749.17
"ALB",2015,891.56
"ALB",2016,883.98
"ARE",2009,2660.36
"ARG",2011,1138.38
"ARM",1993,9911.09
"ARM",1994,42.04
"ARM",1995,63.25
"ARM",1996,73.58
"ARM",1997,94.77
"ARM",1998,117.37
"ARM",1999,133.45
"ARM",2000,156.64
"ARM",2001,168.38
"ARM",2002,188.89
"ARM",2003,234.83
"ARM",2004,281.56
"ARM",2005,346.63
"ARM",2006,416.11
"ARM",2007,488.44
"ARM",2008,548.18
"ARM",2009,580.29
"ARM",2010,582.89
"ARM",2011,588.16
"ARM",2012,612.82
"ARM",2013,761.04
"ARM",2014,812.79
"ARM",2015,806.76
"ARM",2016,826.56
"AUT",2000,2323.11
"AUT",2001,2434.76
"AUT",2002,2483.86
"AUT",2003,2561.38
"AUT",2009,2758.21
"AUT",2010,2792.23
"AUT",2011,2841.89
"AUT",2012,2894.41
"AUT",2013,2972.53
"AUT",2014,3021.54
"AUT",2015,3055.99
"AUT",2016,3130.84
"AZE",2005,575.58
"AZE",2006,661.18
"AZE",2007,844.25
"AZE",2008,922.5
"AZE",2009,983.88
"AZE",2010,1052.12
"AZE",2011,1105.58
"AZE",2012,1221.38
"AZE",2013,1291.1
"AZE",2014,1353.12
"AZE",2015,1368.14
"AZE",2016,1318.83
"BDI",2014,103.84
"BEL",2009,3096.35
"BEL",2011,3279.15
"BEL",2013,3415.86
"BEL",2014,3439.95
"BEL",2015,3561.59
"BEL",2016,3564.92
"BEN",2011,0.38
"BGD",2016,405
"BGR",1999,320.87
"BGR",2000,353.88
"BGR",2001,359.73
"BGR",2002,387.36
"BGR",2003,411.99
"BGR",2004,424.43
"BGR",2005,457.33
"BGR",2006,477.14
"BGR",2007,545.81
"BGR",2008,630.51
"BGR",2009,690.29
"BGR",2010,747.95
"BGR",2011,818.49
"BGR",2012,875.95
"BGR",2013,962.58
"BGR",2014,1059.43
"BGR",2015,1115.7
"BGR",2016,1226.24
"BHR",1990,790.84
"BHR",1991,846.41
"BHR",1992,884.52
"BHR",1993,869.73
"BHR",1994,892.64
"BHR",1998,992
"BHR",1999,973.95
"BHR",2000,1026.71
"BHR",2001,1033.31
"BHR",2002,1063.94
"BHR",2003,1034.72
"BHR",2004,1015.24
"BHR",2005,977.33
"BHR",2006,956.5
"BHR",2007,985.14
"BHR",2008,1145.84
"BHR",2015,3460.85
"BHR",2016,3578.41
"BIH",2005,515.65
"BIH",2006,544.58
"BIH",2007,587.81
"BIH",2008,663.8
"BIH",2009,747.64
"BIH",2010,790.15
"BIH",2011,815.26
"BIH",2012,819.11
"BIH",2014,907.51
"BIH",2015,901.68
"BIH",2016,931.88
"BLR",1995,1.64014e+12
"BLR",1996,1.70352e+12
"BLR",1997,2.21581e+12
"BLR",1998,3.1639e+12
"BLR",1999,3.58445e+12
"BLR",2000,3.48578e+12
"BLR",2001,4199389286
"BLR",2002,3995962465
"BLR",2003,4290958301
"BLR",2004,5400826992
"BLR",2005,6543771196
"BLR",2006,7482650620
"BLR",2007,8455101766
"BLR",2008,9612627173
"BLR",2009,8434046.94
"BLR",2010,12729550.09
"BLR",2011,15440773.43
"BLR",2012,16290885.17
"BLR",2013,17237829.64
"BLR",2014,17236112.18
"BLR",2015,16593558.78
"BLR",2016,1579.52
"BOL",2005,537.12
"BOL",2006,594.59
"BOL",2007,597.32
"BOL",2008,619.36
"BOL",2009,627.83
"BOL",2011,702.7
"BOL",2012,778.73
"BOL",2013,841.93
"BOL",2014,840.24
"BOL",2015,846.15
"BOL",2016,869.68
"BRA",1995,442.14
"BRA",1996,446.52
"BRA",1997,449.28
"BRA",1998,462.08
"BRA",1999,446.81
"BRA",2001,471
"BRA",2002,474.87
"BRA",2003,459.99
"BRA",2004,469.98
"BRA",2005,500.62
"BRA",2006,543.19
"BRA",2007,586.39
"BRA",2008,630.63
"BRA",2009,643.97
"BRA",2011,736.7
"BRA",2012,787.41
"BRA",2013,828.78
"BRA",2014,856.23
"BRA",2015,846.94
"BRA",2016,884.47
"BRN",2014,2574.78
"BWA",1990,418.29
"BWA",1991,446.3
"BWA",1992,476.72
"BWA",1993,500.49
"BWA",1994,491.13
"BWA",1995,488.61
"BWA",1996,484.7
"BWA",1997,503.7
"BWA",1998,652.53
"BWA",2000,702.09
"BWA",2001,727.92
"BWA",2002,761.2
"BWA",2003,764.96
"BWA",2004,780.36
"BWA",2005,706.57
"BWA",2006,932.93
"BWA",2009,1107.56
"BWA",2010,1099.49
"BWA",2011,1066.01
"CAN",1997,1973.96
"CAN",1998,1991.79
"CAN",1999,2042.61
"CAN",2000,2100.57
"CAN",2001,2164.14
"CAN",2002,2187.23
"CAN",2003,2232.14
"CAN",2004,2311.9
"CAN",2005,2416.36
"CAN",2006,2446.32
"CAN",2007,2548.79
"CAN",2008,2597.64
"CAN",2009,2671.63
"CAN",2010,2729.84
"CAN",2011,2818.95
"CAN",2012,2910.31
"CAN",2013,2929.42
"CAN",2014,2963.73
"CAN",2015,2980.3
"CAN",2016,3045.76
"CAN",2017,3088.41
"CHE",2010,4441.15
"CHE",2012,4120.69
"CHE",2014,5100.63
"CHE",2016,5324.96
"CHL",1990,782.75
"CHL",1991,872.82
"CHL",1992,955.46
"CHL",1993,411.84
"CHL",1994,456.85
"CHL",1995,502.45
"CHL",1996,550.43
"CHL",1997,589.98
"CHL",1998,617.75
"CHL",1999,634.6
"CHL",2000,654.47
"CHL",2001,662.41
"CHL",2002,673.79
"CHL",2003,691.63
"CHL",2004,719.9
"CHL",2005,714.79
"CHL",2006,944.96
"CHL",2009,1140.61
"CHL",2011,1255.78
"CHL",2013,1310.79
"CHL",2015,1282.85
"CHN",1990,73.15
"CHN",1991,80.51
"CHN",1992,90.36
"CHN",1993,100.93
"CHN",1994,112.2
"CHN",1995,119.7
"CHN",1996,128.43
"CHN",1997,133.23
"CHN",1998,157.61
"CHN",1999,182.29
"CHN",2000,210.85
"CHN",2001,249.7
"CHN",2002,292.01
"CHN",2003,333.78
"CHN",2004,376.64
"CHN",2005,438.6
"CHN",2006,509.36
"CHN",2007,593.38
"CHN",2008,681.94
"CHN",2009,761.87
"CHN",2010,850.53
"CHN",2011,950.78
"CHN",2012,1058.2
"CHN",2013,1151.74
"CHN",2014,1257.14
"CHN",2015,1365.58
"CHN",2016,1476.81
"CIV",2012,328.9
"CIV",2013,483.34
"CMR",2014,584.89
"COD",2005,43.52
"COL",1991,434.31
"COL",1992,429.46
"COL",1993,518.91
"COL",1994,556.13
"COL",1995,528.16
"COL",1996,569.03
"COL",1997,607.63
"COL",1998,653.66
"COL",1999,616.23
"COL",2002,364.27
"COL",2003,404.92
"COL",2004,597.56
"COL",2005,637.72
"COL",2006,635.12
"COL",2007,597.32
"COL",2010,718.79
"COL",2011,742.38
"COL",2012,758.69
"COL",2013,806.04
"COL",2014,844.56
"COL",2015,809.14
"COL",2016,811.1
"COM",2004,667.2
"CPV",2015,685.91
"CRI",1990,439.97
"CRI",1991,437.63
"CRI",1992,469.46
"CRI",1993,532.78
"CRI",1994,566.92
"CRI",1995,571.39
"CRI",1996,582.42
"CRI",1997,601.57
"CRI",1998,622.79
"CRI",1999,639.23
"CRI",2000,664.36
"CRI",2001,762.89
"CRI",2004,766.11
"CRI",2005,1609.66
"CRI",2008,1918.86
"CRI",2010,1109.43
"CRI",2011,1139.09
"CRI",2012,1236.87
"CRI",2013,1298.01
"CRI",2014,1297.13
"CRI",2015,1319.26
"CRI",2016,1351.75
"CYP",2009,2512.49
"CYP",2010,2528.36
"CYP",2011,2599.25
"CYP",2013,2600.78
"CYP",2014,2582.42
"CYP",2015,218.48
"CYP",2016,2679.42
"CZE",1993,529.57
"CZE",1994,583.36
"CZE",1995,644.31
"CZE",1996,622.08
"CZE",1997,747.69
"CZE",1998,771.74
"CZE",1999,833.48
"CZE",2000,882.03
"CZE",2001,975.41
"CZE",2002,1015.52
"CZE",2003,1100.53
"CZE",2004,1166.58
"CZE",2005,1230.92
"CZE",2006,1296.95
"CZE",2007,1407.24
"CZE",2008,1486.57
"CZE",2009,1581.7
"CZE",2010,1812.68
"CZE",2011,1755.82
"CZE",2012,1776.76
"CZE",2013,1845.85
"CZE",2014,1924.26
"CZE",2015,1960.08
"CZE",2016,2056.76
"DEU",2009,4003.1
"DEU",2010,4154.99
"DEU",2011,4407.68
"DEU",2012,4511.78
"DEU",2013,4588.33
"DEU",2014,4735.25
"DEU",2015,4777.21
"DEU",2016,4959.98
"DNK",2014,3774.78
"DOM",2000,591.91
"DOM",2001,606.68
"DOM",2002,593.49
"DOM",2003,515.84
"DOM",2004,427.64
"DOM",2005,486.91
"DOM",2006,513.1
"DOM",2007,534.08
"DOM",2008,558.79
"DOM",2009,587.16
"DOM",2010,578.46
"DOM",2011,589.39
"DOM",2012,630.53
"DOM",2013,614.23
"DOM",2014,630.41
"DOM",2015,565.14
"DOM",2016,629.99
"EGY",2008,51.77
"EGY",2009,156.99
"EGY",2010,475.45
"EGY",2011,529.27
"EGY",2012,689.41
"EGY",2013,688.24
"EGY",2015,750.02
"EGY",2016,789.01
"ESP",2008,2211.94
"ESP",2009,2269.6
"ESP",2010,2295.44
"ESP",2011,2326.48
"ESP",2012,2354.56
"ESP",2013,2464.36
"ESP",2014,2527.88
"ESP",2015,2565.37
"ESP",2016,2572.8
"EST",2010,1395.46
"EST",2011,1427.28
"EST",2012,1483.13
"EST",2013,1586.51
"EST",2014,1779.7
"EST",2015,1765.56
"EST",2016,1915.57
"ETH",2005,158.9
"ETH",2013,191.53
"FIN",2009,3023.39
"FIN",2010,3108.68
"FIN",2011,2978.75
"FIN",2012,3006.36
"FIN",2013,3120.9
"FIN",2014,3134.53
"FIN",2015,3100.05
"FJI",2005,559.29
"FJI",2011,758.03
"FJI",2016,870.26
"FRA",1999,1414.88
"FRA",2000,1491.74
"FRA",2001,1573.76
"FRA",2002,1650.05
"FRA",2005,2707.91
"FRA",2006,2782.68
"FRA",2010,2859.45
"FRA",2011,3157.48
"FRA",2012,3247.66
"FRA",2013,3373.62
"FRA",2014,3228.73
"FRA",2015,3396.71
"FRA",2016,3472.86
"GBR",1990,1340.61
"GBR",1991,1344.62
"GBR",1999,2186.95
"GBR",2000,2518.46
"GBR",2001,2577.23
"GBR",2002,2678.35
"GBR",2003,2779.2
"GBR",2004,2953.14
"GBR",2005,2936.59
"GBR",2006,3090.24
"GBR",2007,3137.27
"GBR",2009,2674.18
"GBR",2010,2723.02
"GBR",2011,2722.21
"GBR",2012,2705.77
"GBR",2013,2751.98
"GBR",2015,2740.14
"GBR",2016,2857.75
"GEO",2011,755.39
"GHA",2006,2566682.48
"GHA",2013,688.72
"GHA",2015,730.4
"GMB",1993,99.41
"GMB",1994,166.85
"GMB",1998,284.6
"GMB",2012,469.75
"GRC",2007,1247.59
"GRC",2008,1315.29
"GRC",2009,1370.11
"GRC",2010,1359.35
"GRC",2011,1360
"GRC",2012,1252
"GRC",2013,1254.72
"GRC",2014,1283.95
"GRC",2015,1261.5
"GRC",2016,1302.58
"GTM",1990,304.32
"GTM",1991,301.15
"GTM",1992,357.4
"GTM",1993,399.31
"GTM",1994,418.46
"GTM",1995,481.87
"GTM",1996,543.93
"GTM",1997,571.97
"GTM",1998,601.83
"GTM",1999,650.62
"GTM",2000,698.22
"GTM",2001,721.58
"GTM",2002,726.36
"GTM",2003,746.19
"GTM",2004,749.02
"GTM",2005,743.6
"GTM",2006,759.02
"GTM",2007,763.53
"GTM",2008,743.6
"GTM",2010,727.3
"GTM",2011,721.96
"GTM",2012,726.04
"GTM",2013,766.16
"GTM",2014,789.44
"GTM",2015,759.71
"GTM",2016,750.47
"GUY",2003,537.12
"GUY",2004,722.49
"GUY",2006,572.7
"GUY",2007,651.79
"HKG",2003,1680.83
"HKG",2004,1644.05
"HKG",2007,1810.21
"HKG",2010,1951.17
"HKG",2011,1911.88
"HKG",2013,2089.14
"HKG",2014,2097.34
"HKG",2015,2226.95
"HKG",2016,2326.01
"HND",2005,517.41
"HND",2006,548.76
"HND",2007,574.49
"HND",2008,609.19
"HND",2009,609.55
"HND",2010,629.66
"HND",2011,624.86
"HND",2012,641.2
"HND",2013,615.69
"HND",2014,594.48
"HND",2015,574.84
"HND",2016,597.62
"HRV",1993,283.04
"HRV",1994,332.09
"HRV",1995,478.82
"HRV",1996,841.29
"HRV",1997,926.59
"HRV",1998,996.93
"HRV",1999,1079.07
"HRV",2000,1135.81
"HRV",2001,1150.18
"HRV",2002,1223.83
"HRV",2003,1265.35
"HRV",2004,1321.63
"HRV",2005,1335.77
"HRV",2006,1436.85
"HRV",2007,1534.14
"HRV",2008,1675.61
"HRV",2009,1724.49
"HRV",2010,1752.54
"HRV",2011,1811.31
"HTI",2012,235.81
"HUN",1990,531.85
"HUN",1991,525.56
"HUN",1992,590.1
"HUN",1993,616.5
"HUN",1994,660.1
"HUN",1995,614.18
"HUN",1996,607.76
"HUN",1997,644.1
"HUN",1998,677.93
"HUN",1999,708.5
"HUN",2000,764.08
"HUN",2001,853.85
"HUN",2002,979.95
"HUN",2003,1070.7
"HUN",2004,1075.8
"HUN",2005,1159.16
"HUN",2006,1201.32
"HUN",2007,1227.14
"HUN",2008,1361.56
"HUN",2010,1568.03
"HUN",2011,1657.32
"HUN",2012,1657.42
"HUN",2013,1731.54
"HUN",2014,1770.96
"HUN",2015,1757.71
"HUN",2016,1861.67
"IDN",1990,149.47
"IDN",2000,192.64
"IDN",2001,244.08
"IDN",2002,259.75
"IDN",2003,283.56
"IDN",2004,292.72
"IDN",2005,277.66
"IDN",2006,296.13
"IDN",2007,309.29
"IDN",2008,308.96
"IDN",2009,337.4
"IDN",2010,343.29
"IDN",2011,325.73
"IDN",2012,339.32
"IDN",2013,359.62
"IDN",2014,371.27
"IDN",2015,372.81
"IDN",2016,426.51
"IRL",2008,2882.33
"IRL",2009,3050.19
"IRL",2010,3157.51
"IRL",2011,3143.16
"IRL",2012,3151.71
"IRL",2013,3140.86
"IRL",2014,3076.34
"IRL",2015,3086.28
"IRL",2016,3150.38
"ISL",2009,3154.19
"ISL",2010,3069.6
"ISL",2011,3275.07
"ISL",2012,3382.62
"ISL",2013,3583.78
"ISL",2014,3797.5
"ISL",2015,3993.64
"ISL",2016,4186.41
"ISR",1990,941.39
"ISR",1991,973.62
"ISR",1992,1015.75
"ISR",1993,1050.45
"ISR",1994,1084.31
"ISR",1995,1184.58
"ISR",1996,1274.74
"ISR",1997,1363.08
"ISR",1998,1402.54
"ISR",1999,1455.75
"ISR",2000,1686.18
"ISR",2001,1778.79
"ISR",2002,1723.89
"ISR",2003,1668.55
"ISR",2004,1751.95
"ISR",2005,1773.38
"ISR",2006,1793.06
"ISR",2007,1882.77
"ISR",2008,1867.12
"ISR",2009,1850.01
"ISR",2010,1861.98
"ISR",2011,1949.54
"ISR",2012,2135.64
"ISR",2013,2039.78
"ISR",2014,2036.23
"ISR",2015,2086.99
"ISR",2016,2234.94
"ITA",2010,2791.32
"ITA",2014,2978.13
"ITA",2015,2562.32
"ITA",2016,2675.09
"JAM",2001,302.74
"JAM",2002,310.16
"JAM",2003,1265.42
"JAM",2004,1221.44
"JAM",2005,1184.77
"JAM",2006,1266.34
"JAM",2007,1321.04
"JAM",2008,1286.85
"JAM",2009,1294.56
"JAM",2010,1154.21
"JAM",2013,1215.78
"JOR",1990,447.54
"JOR",1991,431.32
"JOR",1992,460.18
"JOR",1993,481.48
"JOR",2016,1485.7
"JPN",1993,1371.93
"JPN",1994,1425.54
"JPN",1995,1475.43
"JPN",1996,1528.55
"JPN",1997,1554.63
"JPN",1998,1568.2
"JPN",2009,2357.82
"JPN",2010,2447.32
"JPN",2011,2556.35
"JPN",2012,2642.36
"JPN",2013,2774.17
"JPN",2014,2744.05
"JPN",2015,2789.94
"JPN",2016,2782.68
"KAZ",1993,300.96
"KAZ",1994,120.08
"KAZ",1995,103.01
"KAZ",1996,111.85
"KAZ",1997,107.57
"KAZ",1998,254.77
"KAZ",1999,294.55
"KAZ",2000,325.95
"KAZ",2001,372.35
"KAZ",2002,419.78
"KAZ",2003,459.01
"KAZ",2004,540.11
"KAZ",2005,619.46
"KAZ",2006,709.81
"KAZ",2007,847.49
"KAZ",2008,870.1
"KAZ",2009,894.63
"KAZ",2010,975.89
"KAZ",2011,1076.74
"KAZ",2012,1175.12
"KAZ",2013,1213
"KAZ",2014,1279.24
"KAZ",2015,1250.18
"KAZ",2016,1255.23
"KEN",1990,669.79
"KEN",1991,635.3
"KEN",1994,361.92
"KEN",1995,446.75
"KEN",1997,419.7
"KGZ",1995,99.09
"KGZ",1996,103.06
"KGZ",1997,118.4
"KGZ",1998,134.52
"KGZ",1999,125.29
"KGZ",2000,127.52
"KGZ",2001,145.44
"KGZ",2002,167.45
"KGZ",2003,189.18
"KGZ",2004,218.12
"KGZ",2005,252.04
"KGZ",2006,308.58
"KGZ",2007,349.56
"KGZ",2008,394.89
"KGZ",2009,421.95
"KGZ",2013,571.36
"KGZ",2014,586.55
"KGZ",2015,608.82
"KGZ",2016,648.52
"KHM",2000,125.12
"KHM",2001,130.2
"KHM",2007,254.32
"KHM",2008,232.59
"KHM",2009,234.22
"KHM",2010,252.43
"KHM",2011,266.66
"KHM",2012,283.42
"KHM",2013,319.2
"KHM",2014,391.51
"KHM",2015,413.7
"KHM",2016,453.36
"KOR",1990,1239.16
"KOR",1991,1353.75
"KOR",1992,1478.29
"KOR",2009,3010.88
"KOR",2010,3068.82
"KOR",2011,3196.99
"KOR",2012,3276.11
"KOR",2013,3191.95
"KOR",2014,3252.26
"KOR",2015,3406.34
"KOR",2016,3486.47
"KOS",2009,821.78
"KOS",2010,926.75
"KOS",2012,1010.17
"KOS",2013,1015.73
"KOS",2014,1177.92
"KOS",2015,1281.59
"KOS",2016,1317.7
"KWT",2015,1839.82
"KWT",2016,1795.12
"LAO",2010,571.36
"LBR",2010,616.24
"LBR",2012,9378.35
"LBR",2014,11297.79
"LKA",2009,324.88
"LKA",2010,336.92
"LKA",2011,360.69
"LKA",2013,409.9
"LKA",2014,436.55
"LKA",2015,489.41
"LKA",2016,535.01
"LTU",2010,1101.53
"LTU",2014,1412.32
"LUX",2009,4272.68
"LUX",2010,4313.07
"LUX",2011,4426.42
"LUX",2012,4466.02
"LUX",2013,4638.33
"LUX",2014,4784.3
"LUX",2015,4841.23
"LUX",2016,4875.93
"LVA",2010,1109.07
"LVA",2014,1414.77
"MAC",1990,543.06
"MAC",1991,581.78
"MAC",1992,669.26
"MAC",1993,750.47
"MAC",1994,797.22
"MAC",1995,815.02
"MAC",1996,813.89
"MAC",1997,855.1
"MAC",2009,1614.5
"MAC",2010,1671.24
"MAC",2011,1830.81
"MAC",2012,1937.23
"MAC",2013,2032.38
"MAC",2014,2109.92
"MAC",2015,2331.12
"MAC",2016,2305.88
"MDA",1993,208.63
"MDA",1994,123.52
"MDA",1995,151.85
"MDA",1996,141.7
"MDA",1997,152.42
"MDA",1998,163.73
"MDA",1999,146.15
"MDA",2000,154.1
"MDA",2001,192.42
"MDA",2002,236.09
"MDA",2003,278.34
"MDA",2004,314.52
"MDA",2005,347.22
"MDA",2006,409.01
"MDA",2007,455.53
"MDA",2008,513.79
"MDA",2009,556.41
"MDA",2010,569.07
"MDA",2011,558.03
"MDA",2012,622.84
"MDA",2013,638.32
"MDA",2014,687.07
"MDA",2015,696.01
"MDA",2016,729.73
"MDG",2012,203.37
"MDG",2015,245.6
"MDV",2016,902.12
"MEX",1991,454.89
"MEX",1993,434.35
"MEX",1995,387.44
"MEX",1996,342.1
"MEX",1997,358.85
"MEX",1998,372.36
"MEX",1999,383.13
"MEX",2000,435.35
"MEX",2001,479.79
"MEX",2002,503.23
"MEX",2003,526.89
"MEX",2004,540.22
"MEX",2005,555.92
"MEX",2006,585.71
"MEX",2007,595.69
"MEX",2008,596.16
"MEX",2009,578.47
"MEX",2010,565.14
"MEX",2011,560.33
"MEX",2012,559.85
"MEX",2013,584.95
"MEX",2014,572.54
"MEX",2015,587.91
"MEX",2016,599.19
"MKD",2001,421.49
"MKD",2002,461.6
"MKD",2003,478.1
"MKD",2004,503.23
"MKD",2005,517
"MKD",2006,548.75
"MKD",2007,585.06
"MKD",2008,647.98
"MKD",2009,1270.96
"MKD",2010,1285.04
"MKD",2014,1305.95
"MLI",2014,327
"MLI",2015,286.48
"MLI",2016,320.31
"MLT",2009,2237.64
"MLT",2010,2356.92
"MLT",2014,2703.42
"MMR",2015,388.72
"MNE",2007,1054.71
"MNE",2008,1241.48
"MNE",2009,1344.44
"MNE",2010,1561.67
"MNE",2011,1617.2
"MNE",2012,1596.09
"MNE",2014,1648.25
"MNE",2015,1658.37
"MNG",2000,210.4
"MNG",2001,213.04
"MNG",2002,234.52
"MNG",2003,260.78
"MNG",2004,282.58
"MNG",2005,281.76
"MNG",2006,349.21
"MNG",2007,443.84
"MNG",2008,570.81
"MUS",2001,535.55
"MUS",2002,538.48
"MUS",2003,569.52
"MUS",2004,589.62
"MUS",2005,668.24
"MUS",2006,638.86
"MUS",2007,638.46
"MUS",2008,689.18
"MUS",2009,763.02
"MUS",2010,802.46
"MUS",2011,807.92
"MUS",2012,839.05
"MUS",2013,882.07
"MUS",2014,981.82
"MUS",2015,1032.93
"MUS",2016,1039.08
"MWI",1990,66.92
"MWI",1991,38.83
"MWI",1992,38.66
"MWI",1993,35.87
"MWI",1994,31.6
"MWI",1995,19.85
"MYS",2011,1140.54
"MYS",2012,1206.5
"MYS",2014,1359.12
"MYS",2015,1405.01
"MYS",2016,1484.62
"NAM",2012,1048.42
"NAM",2013,1225.71
"NAM",2014,1146.85
"NAM",2016,1099.53
"NER",2009,124.33
"NER",2010,110.39
"NER",2011,245.63
"NGA",2011,8819.16
"NGA",2013,4625.73
"NIC",1999,467.07
"NIC",2000,510.77
"NIC",2001,555.33
"NIC",2002,588.44
"NIC",2003,617.62
"NIC",2004,636.06
"NIC",2005,694.45
"NIC",2006,758.44
"NIC",2009,434.61
"NIC",2010,438.23
"NIC",2012,463.15
"NIC",2013,734.72
"NIC",2014,1129.01
"NLD",2001,2782.1
"NLD",2002,2909.45
"NLD",2003,2906.98
"NLD",2004,3065.47
"NLD",2005,3136.64
"NOR",2009,3790.27
"NOR",2010,3901
"NOR",2011,4048.92
"NOR",2012,4183.72
"NOR",2013,4351.93
"NOR",2014,4446.32
"NOR",2015,4245.68
"NPL",1999,123.69
"NPL",2008,351.08
"NZL",2009,2391.19
"NZL",2010,2471.18
"NZL",2014,2761.07
"NZL",2015,2772.42
"NZL",2016,2862.65
"PAK",2002,263.51
"PAK",2004,298.08
"PAK",2006,330.17
"PAK",2007,364.49
"PAK",2008,360.69
"PAK",2009,378.93
"PAK",2010,381.62
"PAK",2011,397.14
"PAK",2013,433.62
"PAK",2014,448.14
"PAK",2015,496.93
"PAN",1998,526.88
"PAN",1999,550.56
"PAN",2009,1031.4
"PAN",2010,1082.27
"PAN",2011,1062.89
"PAN",2012,1125.51
"PAN",2013,1179.24
"PAN",2014,1186.51
"PAN",2015,1269.98
"PAN",2016,1360.28
"PER",2002,494.5
"PER",2003,498.18
"PER",2004,440.07
"PER",2005,443.24
"PER",2006,486.35
"PER",2007,524.39
"PER",2008,546.91
"PER",2009,579.98
"PER",2010,589.45
"PER",2011,619.28
"PER",2012,657.53
"PER",2013,695.28
"PER",2014,712.16
"PER",2015,725.82
"PER",2016,755.37
"PHL",1990,249.21
"PHL",1991,256.98
"PHL",1992,267.54
"PHL",1993,274.76
"PHL",1994,280.97
"PHL",1995,291.22
"PHL",1996,288.32
"PHL",1997,306.36
"PHL",1998,309.3
"PHL",1999,316.49
"PHL",2001,362.34
"PHL",2003,415.19
"PHL",2005,442.31
"PHL",2006,478.08
"PHL",2007,708.83
"PHL",2008,692.83
"PHL",2009,667.01
"PHL",2010,649.22
"PHL",2011,642.55
"PHL",2012,637.48
"PHL",2013,626.84
"PHL",2014,617.71
"PHL",2015,607.37
"PHL",2016,618.96
"POL",1993,510.59
"POL",1994,511.18
"POL",1995,536.85
"POL",1996,583.6
"POL",1997,633.36
"POL",1998,672.65
"POL",1999,887.6
"POL",2000,934.5
"POL",2001,998.97
"POL",2002,1034.67
"POL",2003,1083.7
"POL",2004,1111.55
"POL",2005,1114.81
"POL",2006,1184.27
"POL",2007,1319.81
"POL",2008,1466.78
"POL",2009,1532.91
"POL",2010,1653.12
"POL",2011,1772.47
"POL",2012,1850.4
"POL",2013,1954.15
"POL",2014,2009.82
"POL",2015,2082.79
"POL",2016,2164.76
"PRT",2008,1045.12
"PRT",2009,1085.34
"PRT",2010,1115.28
"PRT",2011,1168.72
"PRT",2012,1179.14
"PRT",2013,1215.38
"PRT",2015,1230.25
"PRT",2016,1252.36
"PRY",1990,497.69
"PRY",1991,577.82
"PRY",1992,564.43
"PRY",1993,618.93
"PRY",1994,697.64
"PRY",1995,726.66
"PRY",1996,755.85
"PRY",1997,826.76
"PRY",1998,855.65
"PRY",1999,746.17
"PRY",2000,597.59
"PRY",2001,535.57
"PRY",2002,498.93
"PRY",2003,498.78
"PRY",2004,474.04
"PRY",2005,524.13
"PRY",2006,562.6
"PRY",2007,545.11
"PRY",2008,585.78
"PRY",2009,590.9
"PRY",2010,636.44
"PRY",2011,707.98
"PRY",2012,717.12
"PRY",2013,801.89
"PRY",2014,833.12
"PRY",2015,828.6
"PRY",2016,810.24
"PSE",2015,873.38
"PSE",2016,920.01
"QAT",2001,1416.39
"QAT",2009,2777.66
"QAT",2011,2803.04
"QAT",2012,3269.72
"QAT",2013,3590.55
"QAT",2014,3828.48
"QAT",2015,3802.87
"QAT",2016,3823.02
"ROU",2005,589.46
"ROU",2006,675.48
"ROU",2007,784.3
"ROU",2009,983
"ROU",2010,1027.36
"ROU",2011,1071.72
"ROU",2012,1101.49
"ROU",2013,1148.1
"ROU",2014,1224.54
"ROU",2016,1517.74
"RUS",1997,289.91
"RUS",1999,230.4
"RUS",2000,294.43
"RUS",2001,365.21
"RUS",2002,439.24
"RUS",2004,554.65
"RUS",2005,638.87
"RUS",2006,782.08
"RUS",2007,947.5
"RUS",2008,1147.17
"RUS",2009,1169.03
"RUS",2010,1253.61
"RUS",2011,1393.57
"RUS",2012,1505.58
"RUS",2013,1385.39
"RUS",2014,1439.56
"RUS",2015,1345.12
"RUS",2016,1410.97
"RWA",2014,237.1
"SAU",2009,2661.98
"SAU",2011,2817.93
"SAU",2012,2937.27
"SAU",2013,3039.92
"SAU",2014,3302.42
"SAU",2015,3434.84
"SDN",2011,15467.35
"SGP",1990,886.14
"SGP",1991,975.5
"SGP",1992,1062.36
"SGP",1993,1136.7
"SGP",2007,2750.72
"SGP",2008,2823.61
"SGP",2009,2723.03
"SGP",2010,2842.55
"SGP",2011,2774.62
"SGP",2012,2900.66
"SGP",2013,3061.24
"SGP",2014,3133.36
"SGP",2015,3303.29
"SGP",2016,3453.99
"SLB",1990,240.57
"SLB",1991,264.07
"SLB",1993,272.97
"SLB",1994,270.07
"SLB",1995,269.18
"SLB",1996,355.5
"SLV",1998,4068.47
"SLV",1999,4138.76
"SLV",2000,4404.22
"SLV",2001,4438.17
"SLV",2002,511.69
"SLV",2003,487.82
"SLV",2004,483.69
"SLV",2005,503.59
"SLV",2006,501.08
"SLV",2010,523.69
"SLV",2011,516.02
"SLV",2012,536.2
"SLV",2013,579.94
"SLV",2014,579.27
"SLV",2015,591.89
"SLV",2016,576.51
"SMR",2003,2530.83
"SMR",2004,2557.24
"SMR",2005,2689.8
"SMR",2006,2767.58
"SRB",2004,338.5
"SRB",2005,377.6
"SRB",2006,438.62
"SRB",2008,586.04
"SRB",2009,689.94
"SRB",2010,690.94
"SRB",2014,694.57
"SRB",2015,717.31
"SRB",2016,728.56
"SVK",2009,1351.73
"SVK",2010,1469.6
"SVK",2011,1513.82
"SVK",2012,1559.35
"SVK",2013,1658.35
"SVK",2014,1769.9
"SVK",2015,1812.85
"SVK",2016,1927.94
"SVN",1997,293881.2
"SVN",1998,305633.38
"SVN",1999,320763.49
"SVN",2000,340737.62
"SVN",2001,359479.35
"SVN",2002,378576.55
"SVN",2003,392100.99
"SVN",2004,409351.55
"SVN",2005,418569.09
"SVN",2006,435728.1
"SVN",2007,1877.34
"SVN",2008,2026.45
"SWE",1993,9.91
"SWE",2014,3568.92
"SWZ",2016,875.61
"SYC",1990,448.94
"SYC",1991,472.35
"SYC",1992,538.78
"SYC",1993,565.37
"SYC",1994,576.9
"SYC",1995,629.69
"SYC",1996,661.64
"SYC",1997,681.4
"SYC",1998,717.96
"SYC",1999,710.94
"SYC",2000,706.17
"SYC",2001,700.39
"SYC",2002,720.23
"SYC",2003,741.43
"SYC",2004,754.37
"SYC",2005,781.71
"SYC",2006,850.38
"SYC",2007,846.7
"SYC",2008,742.64
"SYC",2009,720.41
"SYC",2010,879.85
"SYC",2011,1004.16
"SYC",2012,1052.74
"SYR",2005,436.56
"SYR",2006,460.8
"SYR",2007,473.12
"SYR",2008,500
"SYR",2009,505.68
"SYR",2010,503.33
"TGO",2011,490.55
"TGO",2014,727.96
"TGO",2015,644.49
"THA",2011,805.02
"THA",2012,862.74
"THA",2013,1087.02
"THA",2014,1096.39
"THA",2015,857.18
"THA",2016,1155.85
"TJK",2000,25.1
"TJK",2001,28.11
"TJK",2002,35.24
"TJK",2003,42.47
"TJK",2004,56.39
"TJK",2005,73.63
"TJK",2006,96.12
"TJK",2007,122.68
"TJK",2008,149.92
"TJK",2009,172.39
"TJK",2010,205.17
"TJK",2011,234.83
"TJK",2012,284.47
"TJK",2013,344.02
"TJK",2014,386.99
"TJK",2015,394.66
"TJK",2016,412.6
"TLS",2010,341.63
"TLS",2013,1056.42
"TLS",2016,492.99
"TON",1990,333.29
"TON",1994,457.8
"TTO",2011,1047.2
"TTO",2012,1007.3
"TTO",2013,1002.32
"TTO",2014,1019.25
"TTO",2015,997.7
"TTO",2016,1015.04
"TUR",2014,1614.64
"TZA",2001,165.9
"TZA",2006,270.89
"TZA",2011,629.51
"TZA",2012,535.99
"TZA",2014,411.89
"UGA",2009,301.86
"UGA",2012,254.05
"UKR",1995,169.17
"UKR",1996,165.5
"UKR",1997,166.17
"UKR",1998,163.7
"UKR",1999,157.67
"UKR",2000,164.82
"UKR",2007,644.44
"UKR",2008,714.43
"UKR",2009,648.23
"UKR",2010,707.64
"UKR",2011,795.17
"UKR",2012,927.5
"UKR",2013,1017.84
"UKR",2014,983.71
"UKR",2015,798.41
"UKR",2016,876.89
"URY",1996,17.56
"URY",1998,723.63
"URY",1999,757.66
"URY",2000,767.58
"URY",2001,754.81
"URY",2002,681.17
"URY",2003,598.55
"URY",2004,611.11
"URY",2005,638.69
"URY",2006,712.7
"URY",2007,763.07
"URY",2008,824.14
"URY",2009,887.33
"URY",2010,894.57
"URY",2011,988.59
"URY",2012,1033.69
"URY",2013,1085.85
"URY",2014,1150.29
"URY",2015,1168.47
"URY",2016,1107.33
"USA",1990,1495.37
"USA",1991,1532.73
"USA",1992,1574.43
"USA",1993,1617.86
"USA",1994,1670.77
"USA",1995,1707.49
"USA",1996,1760.62
"USA",1997,1839.77
"USA",1998,1914.68
"USA",1999,1977.86
"USA",2000,2055.54
"USA",2001,2120.57
"USA",2002,2180.85
"USA",2009,4407.94
"USA",2010,4416.6
"UZB",2011,987.9
"VEN",2008,750.28
"VEN",2009,749.89
"VEN",2010,747.47
"VEN",2011,752.65
"VEN",2012,814.09
"VNM",2007,295.33
"VNM",2009,85.14
"VNM",2010,380
"VNM",2011,409.73
"VNM",2012,461.08
"VNM",2013,478.79
"VNM",2014,506.77
"VNM",2015,576.77
"VNM",2016,606.11
"WSM",2012,746.86
"YEM",2010,506.63
"YEM",2014,649.28
"ZAF",1996,1086.19
"ZAF",1997,1133.8
"ZAF",1998,1177
"ZAF",1999,1234.46
"ZAF",2000,1321.64
"ZAF",2001,1408.59
"ZAF",2002,1447.4
"ZAF",2003,1292.25
"ZAF",2004,1384.96
"ZAF",2005,1691.1
"ZAF",2006,1839.92
"ZAF",2007,1943.28
"ZAF",2008,2044.75
"ZAF",2011,2601.54
"ZAF",2012,2808.08
"ZAF",2013,3272.73
"ZAF",2015,1135.71
"ZWE",2011,430.23
"ZWE",2015,1462.33
