"iso3c","year","wage_min_mean","wage_min_median","rminwage","mean_wage"
"AUS","1985",0.59303,0.6523,20689.07,NA
"AUS","1986",0.574447,0.633,19453.37,NA
"AUS","1987",0.577699,0.6345,18963.93,NA
"AUS","1988",0.574977,0.6353,18855.71,NA
"AUS","1989",0.563817,0.629,18726.58,NA
"AUS","1990",0.577742,0.6342,18707.82,40102.1732785431
"AUS","1991",0.593207,0.655,19515.11,39911.2102876342
"AUS","1992",0.589492,0.6547,20256.71,40712.3739621699
"AUS","1993",0.557191,0.6257,20134.88,41087.1550639477
"AUS","1994",0.549258,0.6208,20069.2,41365.7226197244
"AUS","1995",0.544497,0.6196,19645.51,41206.7357836147
"AUS","1996",0.528593,0.6108,19596.95,42427.5033262506
"AUS","1997",0.514899,0.604,20078.95,43697.2685628407
"AUS","1998",0.523702,0.6121,20616.28,44317.1972242176
"AUS","1999",0.511819,0.5965,21013.2,45360.2299685633
"AUS","2000",0.501754,0.5819,20854.93,45458.5096363694
"AUS","2001",0.497472,0.5863,20664.37,45953.2936623797
"AUS","2002",0.500464,0.5752,20867.94,46269.5665426124
"AUS","2003",0.498222,0.583,21140.22,46810.8438501126
"AUS","2004",0.501502,0.5842,21511.26,48267.3840304376
"AUS","2005",0.492777,0.5746,21685.68,48891.3050076281
"AUS","2006",0.460894,0.5382,21353.74,49207.5053883964
"AUS","2007",0.45433,0.5447,22061.94,50565.398193117
"AUS","2008",0.448942,0.5221,21675.54,50973.1926470124
"AUS","2009",0.443902,0.5437,21954.39,50511.0293896211
"AUS","2010",0.449802,0.5427,21844.08,52252.9794431782
"AUS","2011",0.449847,0.5357,22009.37,53905.7740099515
"AUS","2012",0.439738,0.5273,22309.12,54226.1894778328
"AUS","2013",0.43786,0.5396,22375.23,53977.419108946
"AUS","2014",0.436283,0.534,22445.12,54391.757436256
"AUS","2015",0.444451,0.5349,22718.91,53946.2663148117
"AUS","2016",0.473832,0.5398,22982.24,53971.5974618331
"AUS","2017",0.474334,0.5493,23187.23,53507.2854602183
"AUS","2018",0.472008,0.5407,23975.61,53349.4136154893
"AUT","1990",NA,NA,NA,40821.5319617133
"AUT","1991",NA,NA,NA,42097.5554387251
"AUT","1992",NA,NA,NA,42945.6673977692
"AUT","1993",NA,NA,NA,43295.8157802583
"AUT","1994",NA,NA,NA,43732.033783534
"AUT","1995",NA,NA,NA,44084.3451500257
"AUT","1996",NA,NA,NA,43763.5017813621
"AUT","1997",NA,NA,NA,43389.2642881815
"AUT","1998",NA,NA,NA,44789.8075097605
"AUT","1999",NA,NA,NA,45781.4730803117
"AUT","2000",NA,NA,NA,45902.3583706038
"AUT","2001",NA,NA,NA,45786.641153518
"AUT","2002",NA,NA,NA,46454.3397816055
"AUT","2003",NA,NA,NA,46589.7286993888
"AUT","2004",NA,NA,NA,47464.0680315261
"AUT","2005",NA,NA,NA,47715.5276666741
"AUT","2006",NA,NA,NA,48411.6097437845
"AUT","2007",NA,NA,NA,48644.5751102388
"AUT","2008",NA,NA,NA,49509.355655464
"AUT","2009",NA,NA,NA,50312.1937809248
"AUT","2010",NA,NA,NA,50096.7144403547
"AUT","2011",NA,NA,NA,49578.9147044103
"AUT","2012",NA,NA,NA,49835.1142689799
"AUT","2013",NA,NA,NA,49896.4923427939
"AUT","2014",NA,NA,NA,50082.8486085934
"AUT","2015",NA,NA,NA,50373.8110600107
"AUT","2016",NA,NA,NA,50906.0202794225
"AUT","2017",NA,NA,NA,50851.3971310611
"AUT","2018",NA,NA,NA,50868.2460070356
"BEL","1975",0.464702,0.5459,20654.97,NA
"BEL","1976",0.456474,0.5362,20803.13,NA
"BEL","1977",0.45226,0.5312,20884.5,NA
"BEL","1978",0.444142,0.5217,20934.24,NA
"BEL","1979",0.437383,0.5138,20884.02,NA
"BEL","1980",0.434363,0.5102,20815.6,NA
"BEL","1981",0.449627,0.5282,21590.15,NA
"BEL","1982",0.472533,0.555,22353.68,NA
"BEL","1983",0.481725,0.5659,22358.54,NA
"BEL","1984",0.48169,0.5658,22017.13,NA
"BEL","1985",0.480881,0.5649,21593.75,NA
"BEL","1986",0.484962,0.5697,21813.31,NA
"BEL","1987",0.482392,0.5666,21479.65,NA
"BEL","1988",0.483482,0.5679,21640.2,NA
"BEL","1989",0.478709,0.5623,21625.56,NA
"BEL","1990",0.470286,0.5524,21602.33,41615.9039478587
"BEL","1991",0.471105,0.5534,21904.63,43445.3096637393
"BEL","1992",0.480238,0.5641,22739.75,44840.1097792691
"BEL","1993",0.479644,0.5634,22926.8,45781.9386923893
"BEL","1994",0.476051,0.5592,22832.18,46670.6260229665
"BEL","1995",0.476587,0.5598,22913.6,46512.5807965997
"BEL","1996",0.470993,0.5549,22754.93,47011.0274973784
"BEL","1997",0.463023,0.5472,22541.7,47670.0988514471
"BEL","1998",0.451219,0.5349,22329.73,47587.9003157604
"BEL","1999",0.441613,0.5196,22082.22,50128.8546895508
"BEL","2000",0.428853,0.505,21534.28,49795.6762864105
"BEL","2001",0.421881,0.4961,21651.25,50077.9589464315
"BEL","2002",0.425962,0.5014,21941.49,50941.3509552103
"BEL","2003",0.421303,0.4876,21814.56,51156.3901200273
"BEL","2004",0.411044,0.4838,21578.26,50932.2382068964
"BEL","2005",0.411879,0.4829,21413.56,50609.8880608394
"BEL","2006",0.404104,0.4755,21454.01,50815.5954636155
"BEL","2007",0.405293,0.479,21701.65,50575.4020988928
"BEL","2008",0.409525,0.4796,21614.05,50725.026495778
"BEL","2009",0.414787,0.4942,22684.99,51159.3217639053
"BEL","2010",0.405672,0.4825,22198.99,50872.4869977198
"BEL","2011",0.406269,0.4867,22089,51204.9433987126
"BEL","2012",0.406,0.4836,21908.68,51550.5810399973
"BEL","2013",0.41288,0.4941,22319.02,52221.5780271822
"BEL","2014",0.399092,0.4739,22243.39,52514.3276124905
"BEL","2015",0.395502,0.4556,22119.2,52120.1091513927
"BEL","2016",0.394428,0.4665,21908.5,51951.714996454
"BEL","2017",0.396707,0.4692,21882.15,51736.0997219822
"BEL","2018",0.391152,0.4627,21654.35,52079.6153106353
"BRA","1980",NA,NA,9729.17,NA
"BRA","1981",NA,NA,9784.77,NA
"BRA","1982",NA,NA,9703.18,NA
"BRA","1983",NA,NA,8855.15,NA
"BRA","1984",NA,NA,8317.55,NA
"BRA","1985",NA,NA,8615.12,NA
"BRA","1986",NA,NA,8333.75,NA
"BRA","1987",NA,NA,6553.37,NA
"BRA","1988",NA,NA,6941.3,NA
"BRA","1989",NA,NA,6810,NA
"BRA","1990",NA,NA,4677.8,NA
"BRA","1991",NA,NA,5475.6,NA
"BRA","1992",NA,NA,4888.75,NA
"BRA","1993",NA,NA,5551.46,NA
"BRA","1994",NA,NA,2431.6,NA
"BRA","1995",NA,NA,2124.97,NA
"BRA","1996",NA,NA,2202.85,NA
"BRA","1997",NA,NA,2238.18,NA
"BRA","1998",NA,NA,2341.41,NA
"BRA","1999",NA,NA,2362.2,NA
"BRA","2000",NA,NA,2424.96,NA
"BRA","2001",NA,NA,2662.76,NA
"BRA","2002",NA,NA,2771.52,NA
"BRA","2003",NA,NA,2849.65,NA
"BRA","2004",NA,NA,2944.49,NA
"BRA","2005",NA,NA,3117.75,NA
"BRA","2006",NA,NA,3523.21,NA
"BRA","2007",NA,NA,3751.96,NA
"BRA","2008",NA,NA,3899.82,NA
"BRA","2009",NA,NA,4187.57,NA
"BRA","2010",NA,NA,4412.04,NA
"BRA","2011",NA,NA,4414.65,NA
"BRA","2012",NA,NA,4787.39,NA
"BRA","2013",NA,NA,4913.56,NA
"BRA","2014",NA,NA,4934.61,NA
"BRA","2015",NA,NA,4926.01,NA
"BRA","2016",NA,NA,5059.01,NA
"BRA","2017",NA,NA,5207.24,NA
"BRA","2018",NA,NA,5114.28,NA
"CAN","1965",0.455882,0.4793,11363.49,NA
"CAN","1966",0.437788,0.4634,11181.23,NA
"CAN","1967",0.441558,0.4657,11590.19,NA
"CAN","1968",0.433734,0.4595,11793.69,NA
"CAN","1969",0.462962,0.4901,13054.61,NA
"CAN","1970",0.460481,0.4872,13541.44,NA
"CAN","1971",0.47634,0.5033,14857.5,NA
"CAN","1972",0.464912,0.4907,14901.37,NA
"CAN","1973",0.477088,0.5028,15432.77,NA
"CAN","1974",0.490521,0.5175,16260.32,NA
"CAN","1975",0.490797,0.5183,17034.58,NA
"CAN","1976",0.489208,0.5171,17951.97,NA
"CAN","1977",0.464285,0.4905,17481.56,NA
"CAN","1978",0.448484,0.4736,16602.9,NA
"CAN","1979",0.433147,0.4573,15982.7,NA
"CAN","1980",0.410126,0.4331,15119.32,NA
"CAN","1981",0.39887,0.4336,14646,NA
"CAN","1982",0.375126,0.4211,13896.33,NA
"CAN","1983",0.340309,0.3891,13232.78,NA
"CAN","1984",0.339788,0.3926,13093.71,NA
"CAN","1985",0.338172,0.3928,12920.99,NA
"CAN","1986",0.335553,0.3794,12620.01,NA
"CAN","1987",0.341404,0.379,12693.37,NA
"CAN","1988",0.345256,0.3807,12807.62,NA
"CAN","1989",0.347345,0.3892,12941.51,NA
"CAN","1990",0.35007,0.3843,12980.42,35072.7787841072
"CAN","1991",0.349697,0.386,12909.71,34890.7729106932
"CAN","1992",0.364644,0.3956,13674.18,35446.4394068035
"CAN","1993",0.372837,0.4169,13976.14,35411.829934969
"CAN","1994",0.380139,0.4176,14408.55,35245.6839064569
"CAN","1995",0.387359,0.4301,14527.91,35352.133121783
"CAN","1996",0.388414,0.4333,14719.2,35710.8365010938
"CAN","1997",0.389963,0.43,14666.29,37064.3697248257
"CAN","1998",0.387828,0.4226,14634.23,37815.3184924692
"CAN","1999",0.385107,0.4216,14650.24,38298.5935102141
"CAN","2000",0.37641,0.414,14370.11,39380.0563020636
"CAN","2001",0.3696,0.4038,14205.31,39218.1024032635
"CAN","2002",0.36325,0.4023,14055.98,38800.0623508156
"CAN","2003",0.360187,0.4003,13858.62,38801.766345668
"CAN","2004",0.358701,0.3938,13880.79,39847.9877507377
"CAN","2005",0.359251,0.4026,14002.77,41566.1982500255
"CAN","2006",0.362077,0.4049,14311.7,42907.7216810435
"CAN","2007",0.360625,0.4072,14454.56,43968.6274465082
"CAN","2008",0.368328,0.4175,15038.39,44810.3263923555
"CAN","2009",0.377768,0.4223,15927.21,45309.0402179465
"CAN","2010",0.39007,0.4393,16496,45502.5602406275
"CAN","2011",0.395167,0.4461,16543.52,46203.4025462383
"CAN","2012",0.397134,0.4536,16853.8,47275.5308181881
"CAN","2013",0.394552,0.4437,16964.83,48191.5991939713
"CAN","2014",0.397401,0.4506,17074.28,48717.5277576755
"CAN","2015",0.397321,0.445,17338.86,48979.3025139046
"CAN","2016",0.400436,0.4575,17606.82,47793.3684359201
"CAN","2017",0.407819,0.4575,17913,48247.0910762065
"CAN","2018",0.45028,0.5144,19811.08,48848.5225020856
"CHE","1990",NA,NA,NA,50707.4078949734
"CHE","1991",NA,NA,NA,51605.2615379315
"CHE","1992",NA,NA,NA,52069.2564538297
"CHE","1993",NA,NA,NA,52598.7372248394
"CHE","1994",NA,NA,NA,53262.8216778565
"CHE","1995",NA,NA,NA,53414.4002407662
"CHE","1996",NA,NA,NA,53880.5005265165
"CHE","1997",NA,NA,NA,54633.6035788996
"CHE","1998",NA,NA,NA,54687.0176627165
"CHE","1999",NA,NA,NA,55522.4823137324
"CHE","2000",NA,NA,NA,55854.0656040717
"CHE","2001",NA,NA,NA,57936.2070445767
"CHE","2002",NA,NA,NA,58837.5885129628
"CHE","2003",NA,NA,NA,58689.6856227106
"CHE","2004",NA,NA,NA,58182.1258918413
"CHE","2005",NA,NA,NA,59064.009088649
"CHE","2006",NA,NA,NA,59430.9408444225
"CHE","2007",NA,NA,NA,60304.4085361879
"CHE","2008",NA,NA,NA,60629.7242805158
"CHE","2009",NA,NA,NA,61856.1139515995
"CHE","2010",NA,NA,NA,62002.8761686201
"CHE","2011",NA,NA,NA,62107.9348561497
"CHE","2012",NA,NA,NA,63207.2636677389
"CHE","2013",NA,NA,NA,64180.8623918172
"CHE","2014",NA,NA,NA,64284.5400327785
"CHE","2015",NA,NA,NA,64222.8394154745
"CHE","2016",NA,NA,NA,64063.9424880875
"CHE","2017",NA,NA,NA,63899.8838539432
"CHE","2018",NA,NA,NA,64108.5507608971
"CHL","1990",NA,NA,2518.75,NA
"CHL","1991",NA,NA,2744.93,NA
"CHL","1992",NA,NA,2866.88,NA
"CHL","1993",NA,NA,3009.52,NA
"CHL","1994",NA,NA,3120.26,NA
"CHL","1995",NA,NA,3260.81,NA
"CHL","1996",NA,NA,3398.09,17070.1420784615
"CHL","1997",NA,NA,3517.62,18268.2329072614
"CHL","1998",NA,NA,3723.61,19130.4407441203
"CHL","1999",NA,NA,4055.5,20347.7461892254
"CHL","2000",0.391525,0.6402,4344.58,20309.9755784744
"CHL","2001",NA,NA,4507.88,20951.9168324974
"CHL","2002",NA,NA,4637.75,21222.4402504236
"CHL","2003",0.437121,0.7089,4701.62,21972.4594754616
"CHL","2004",NA,NA,4833.03,22524.8744862992
"CHL","2005",NA,NA,4925.75,22351.6059714835
"CHL","2006",0.413281,0.6497,5052.89,21889.1220189235
"CHL","2007",NA,NA,5143.77,21967.1770227908
"CHL","2008",NA,NA,5138.37,22409.1469756667
"CHL","2009",0.439073,0.7069,5475.16,24037.7033518916
"CHL","2010",0.440732,0.7096,5615.62,24960.8217514894
"CHL","2011",0.429929,0.6741,5708.23,25106.3536534309
"CHL","2012",0.42823,0.6714,5870.36,25914.9183033452
"CHL","2013",0.446746,0.6716,6189.34,26583.7896070268
"CHL","2014",0.449917,0.6764,6362.76,26803.5458844837
"CHL","2015",0.455176,0.6621,6534.63,26759.2187623991
"CHL","2016",0.473577,0.6889,6893.92,27655.3431539851
"CHL","2017",0.476592,0.6932,7178.73,26766.6161005477
"CHL","2018",0.476297,0.6928,7319.53,27124.711145738
"COL","1984",NA,NA,6157.28,NA
"COL","1985",NA,NA,5960.07,NA
"COL","1986",NA,NA,6217.76,NA
"COL","1987",NA,NA,6151.85,NA
"COL","1988",NA,NA,6000.99,NA
"COL","1989",NA,NA,6055.46,NA
"COL","1990",NA,NA,5908.24,NA
"COL","1991",NA,NA,5713.85,NA
"COL","1992",NA,NA,5669.91,NA
"COL","1993",NA,NA,5790,NA
"COL","1994",NA,NA,5707.15,NA
"COL","1995",NA,NA,5688.43,NA
"COL","1996",NA,NA,5627.3,NA
"COL","1997",NA,NA,5748.97,NA
"COL","1998",NA,NA,5740.19,NA
"COL","1999",NA,NA,6006.16,NA
"COL","2000",NA,NA,6048.77,NA
"COL","2001",NA,NA,6160.14,NA
"COL","2002",NA,NA,6258.03,NA
"COL","2003",NA,NA,6276.3,NA
"COL","2004",NA,NA,6390.68,NA
"COL","2005",NA,NA,6482.71,NA
"COL","2006",NA,NA,6647.67,NA
"COL","2007",0.561723,0.9218,6695.15,NA
"COL","2008",0.56339,0.8956,6658.33,NA
"COL","2009",0.585731,0.9034,6880.03,NA
"COL","2010",0.555939,0.8775,6972.29,NA
"COL","2011",0.561713,0.8926,7011.55,NA
"COL","2012",0.573619,0.8786,7190.92,NA
"COL","2013",0.560537,0.8675,7332.26,NA
"COL","2014",0.544539,0.8575,7446.1,NA
"COL","2015",0.567953,0.8591,7418.58,NA
"COL","2016",0.573137,0.8618,7383.09,NA
"COL","2017",0.580977,0.8852,7573.35,NA
"COL","2018",0.583773,0.8941,7768.45,NA
"CRI","1995",NA,NA,6957.43,NA
"CRI","1996",NA,NA,6921.65,NA
"CRI","1997",NA,NA,7254.35,NA
"CRI","1998",NA,NA,7407.86,NA
"CRI","1999",NA,NA,7498.53,NA
"CRI","2000",NA,NA,7473.18,NA
"CRI","2001",NA,NA,7607.57,NA
"CRI","2002",NA,NA,7512.63,NA
"CRI","2003",NA,NA,7568.13,NA
"CRI","2004",NA,NA,7481.34,NA
"CRI","2005",NA,NA,7537.41,NA
"CRI","2006",NA,NA,7619.11,NA
"CRI","2007",NA,NA,7686.19,NA
"CRI","2008",NA,NA,7841.21,NA
"CRI","2009",NA,NA,7936.04,NA
"CRI","2010",0.490579,0.6925,8217.78,NA
"CRI","2011",0.476811,0.693,8323.08,NA
"CRI","2012",0.500076,0.7056,8464.03,NA
"CRI","2013",0.487933,0.6914,8536.94,NA
"CRI","2014",0.474566,0.6726,8500.49,NA
"CRI","2015",0.486936,0.7016,9007.52,NA
"CRI","2016",0.484904,0.692,9261.85,NA
"CRI","2017",0.490615,0.6753,9113.68,NA
"CRI","2018",0.496936,0.6942,9132.3,NA
"CZE","1991",0.488042,0.5224,5503.74,NA
"CZE","1992",0.438334,0.4692,5449.91,NA
"CZE","1993",0.349928,0.3746,4511.03,NA
"CZE","1994",0.295183,0.316,4099.47,NA
"CZE","1995",0.24884,0.2664,3761.3,13547.3748599721
"CZE","1996",0.225855,0.2558,3929.99,14909.4082084048
"CZE","1997",0.198854,0.2238,3618.9,15123.7411054305
"CZE","1998",0.198338,0.2265,3465.31,15070.2508445891
"CZE","1999",0.242959,0.2789,4385.1,15637.7940142095
"CZE","2000",0.279844,0.3244,5243.41,16157.4542796793
"CZE","2001",0.305754,0.3536,5893.91,16969.6292256668
"CZE","2002",0.337729,0.3905,6593.58,17996.4561172237
"CZE","2003",0.341427,0.3951,7163.46,19356.0624579656
"CZE","2004",0.350368,0.4029,7533.23,20309.718273768
"CZE","2005",0.356165,0.4116,7931.25,20921.0937601722
"CZE","2006",0.36406,0.4236,8356.97,21756.3849063862
"CZE","2007",0.349334,0.4074,8373.74,22412.3365141162
"CZE","2008",0.326199,0.3834,7873.12,22423.0087208279
"CZE","2009",0.322194,0.3832,7793.67,22371.6839000373
"CZE","2010",0.319745,0.3768,7680.56,22944.4926009349
"CZE","2011",0.313394,0.3713,7536.07,23101.9945551958
"CZE","2012",0.307302,0.3636,7296.2,23089.6502026763
"CZE","2013",0.313162,0.3686,7380.06,22846.099456707
"CZE","2014",0.31714,0.372,7616.1,23324.2613160963
"CZE","2015",0.330804,0.3877,8217.88,23962.8125610714
"CZE","2016",0.340662,0.397,8783.12,24778.2454999989
"CZE","2017",0.353595,0.4097,9525.6,25804.1043574441
"CZE","2018",0.362189,0.418,10342.44,26961.5755906614
"DEU","1991",NA,NA,NA,38150.4805483193
"DEU","1992",NA,NA,NA,40495.0759972867
"DEU","1993",NA,NA,NA,40865.8131082468
"DEU","1994",NA,NA,NA,40978.3825326008
"DEU","1995",NA,NA,NA,41898.0796129397
"DEU","1996",NA,NA,NA,42264.8558843185
"DEU","1997",NA,NA,NA,42032.5166036547
"DEU","1998",NA,NA,NA,42438.8230154721
"DEU","1999",NA,NA,NA,43108.8823601241
"DEU","2000",NA,NA,NA,43316.4087251125
"DEU","2001",NA,NA,NA,43748.44028911
"DEU","2002",NA,NA,NA,43977.4521543956
"DEU","2003",NA,NA,NA,43920.0093710499
"DEU","2004",NA,NA,NA,43917.7282097523
"DEU","2005",NA,NA,NA,43840.6952766449
"DEU","2006",NA,NA,NA,43876.6653654295
"DEU","2007",NA,NA,NA,43802.0567282391
"DEU","2008",NA,NA,NA,44079.1495615356
"DEU","2009",NA,NA,NA,44253.629968559
"DEU","2010",NA,NA,NA,44451.2169927581
"DEU","2011",NA,NA,NA,45209.4181699702
"DEU","2012",NA,NA,NA,45725.158178711
"DEU","2013",NA,NA,NA,46277.1656553302
"DEU","2014",NA,NA,NA,47010.0471100532
"DEU","2015",0.426342,0.483,22044.3,48034.5945384642
"DEU","2016",0.419974,0.472,21936.42,48709.639529907
"DEU","2017",0.417022,0.4699,22480.63,49161.0939059798
"DEU","2018",0.404194,0.4555,22097.86,49813.2001197041
"DNK","1990",NA,NA,NA,40078.4495033613
"DNK","1991",NA,NA,NA,40263.2255927189
"DNK","1992",NA,NA,NA,41653.1236540233
"DNK","1993",NA,NA,NA,42108.2158406053
"DNK","1994",NA,NA,NA,40596.4639876739
"DNK","1995",NA,NA,NA,41448.5025452213
"DNK","1996",NA,NA,NA,42207.4087191287
"DNK","1997",NA,NA,NA,42884.751483179
"DNK","1998",NA,NA,NA,43645.5217758041
"DNK","1999",NA,NA,NA,44136.6727683159
"DNK","2000",NA,NA,NA,44111.2648174506
"DNK","2001",NA,NA,NA,44405.1069988544
"DNK","2002",NA,NA,NA,45426.5892105132
"DNK","2003",NA,NA,NA,46560.3802211183
"DNK","2004",NA,NA,NA,47604.0344339505
"DNK","2005",NA,NA,NA,48410.906477553
"DNK","2006",NA,NA,NA,49235.1531399001
"DNK","2007",NA,NA,NA,49771.7694008918
"DNK","2008",NA,NA,NA,50445.5198841037
"DNK","2009",NA,NA,NA,51668.5740343619
"DNK","2010",NA,NA,NA,52263.8567019065
"DNK","2011",NA,NA,NA,51993.2588376201
"DNK","2012",NA,NA,NA,51923.1035581541
"DNK","2013",NA,NA,NA,52260.7046089948
"DNK","2014",NA,NA,NA,53260.7440594153
"DNK","2015",NA,NA,NA,54196.8862033953
"DNK","2016",NA,NA,NA,55032.3464419933
"DNK","2017",NA,NA,NA,54722.5034956739
"DNK","2018",NA,NA,NA,55253.3420271725
"ESP","1963",NA,NA,5989.19,NA
"ESP","1964",0.548768,0.6822,5598.46,NA
"ESP","1965",0.467469,0.5825,4945.02,NA
"ESP","1966",0.441909,0.5498,5120.02,NA
"ESP","1967",0.509535,0.6347,6343.65,NA
"ESP","1968",0.516695,0.6427,6669.46,NA
"ESP","1969",0.491354,0.6115,6936.45,NA
"ESP","1970",0.49,0.6099,7428.75,NA
"ESP","1971",0.493629,0.6136,7843.91,NA
"ESP","1972",0.486794,0.6059,8287.4,NA
"ESP","1973",0.486587,0.6056,8792.84,NA
"ESP","1974",0.464393,0.578,9165.89,NA
"ESP","1975",0.45197,0.5624,9694.13,NA
"ESP","1976",0.450518,0.5608,10447.05,NA
"ESP","1977",0.423758,0.5276,10936.3,NA
"ESP","1978",0.417286,0.5196,11392.75,NA
"ESP","1979",0.397204,0.4945,11521.79,NA
"ESP","1980",0.391317,0.4871,11329.18,NA
"ESP","1981",0.370275,0.4609,11253.14,NA
"ESP","1982",0.369345,0.4598,11230.27,NA
"ESP","1983",0.368063,0.4582,11320.99,NA
"ESP","1984",0.363883,0.4529,10989.55,NA
"ESP","1985",0.355282,0.4423,10805.78,NA
"ESP","1986",0.344532,0.4289,10725.86,NA
"ESP","1987",0.3378,0.4205,10701.35,NA
"ESP","1988",0.333057,0.4146,10665.29,NA
"ESP","1989",0.33382,0.4155,10585.7,NA
"ESP","1990",0.329491,0.4102,10626.55,35261.2760036964
"ESP","1991",0.32619,0.406,10681.17,36132.6680739164
"ESP","1992",0.320615,0.3991,10657.54,37151.3760531762
"ESP","1993",0.313482,0.3902,10599.32,37443.5745924806
"ESP","1994",0.309721,0.3855,10474.52,37541.5593466456
"ESP","1995",0.306772,0.3819,10358.72,37380.0373443597
"ESP","1996",0.303774,0.3782,10356.9,37925.3977386943
"ESP","1997",0.299085,0.3723,10424.23,37950.1462589553
"ESP","1998",0.296616,0.3693,10453.08,38019.0282659261
"ESP","1999",0.294086,0.3661,12135.4,37883.0142740567
"ESP","2000",0.293048,0.3648,11971.46,37250.0376939648
"ESP","2001",0.289711,0.3607,11791.88,37242.049974615
"ESP","2002",0.284085,0.3537,11672.12,37517.0345657906
"ESP","2003",0.278082,0.3462,11558.4,37415.8361670894
"ESP","2004",0.284215,0.3539,11448.69,37029.5348939314
"ESP","2005",0.296871,0.3696,12071.33,37244.8251544944
"ESP","2006",0.312134,0.3868,12567.54,37103.7602629606
"ESP","2007",0.316409,0.3921,12898.13,37589.7075114717
"ESP","2008",0.316015,0.3916,13031.57,39102.3064811949
"ESP","2009",0.315483,0.391,13591.98,41750.9110608699
"ESP","2010",0.316925,0.3774,13550.66,41034.3405967623
"ESP","2011",0.320712,0.3819,13298.92,40452.8193042483
"ESP","2012",0.31918,0.38,12981.4,39301.6048473049
"ESP","2013",0.318015,0.3787,12878.92,39391.2953296579
"ESP","2014",0.312273,0.3698,12898.38,39397.7673480283
"ESP","2015",0.312973,0.3707,13029.55,40087.6276824469
"ESP","2016",0.318097,0.3767,13186.45,39860.3469696336
"ESP","2017",0.337643,0.3999,13972.36,39073.2504703326
"ESP","2018",0.348102,0.4123,14289.76,38761.1845695886
"EST","1995",NA,NA,NA,9376.9902578738
"EST","1996",NA,NA,NA,9748.39914125555
"EST","1997",NA,NA,NA,10663.9367872099
"EST","1998",NA,NA,2608.85,11304.6205922756
"EST","1999",0.270505,0.3355,2870.14,11736.9176242249
"EST","2000",0.275383,0.3416,3090.48,12622.7555380278
"EST","2001",0.281186,0.3488,3339.89,13117.5790739818
"EST","2002",0.297014,0.3684,3728.63,13913.5684041849
"EST","2003",0.316868,0.3931,4295.97,15170.4778137196
"EST","2004",0.336519,0.4174,4786.46,16305.1227833998
"EST","2005",0.323618,0.4014,4988.22,17284.884862909
"EST","2006",0.302468,0.3703,5326.62,18747.9215352569
"EST","2007",0.297632,0.3578,5996.23,21771.8733781834
"EST","2008",0.324144,0.3782,6565.3,22052.7751477017
"EST","2009",0.341274,0.3982,6570.45,21304.5278418835
"EST","2010",0.339457,0.404,6380.81,21192.4254840883
"EST","2011",0.320566,0.3816,6078.01,20320.6436551441
"EST","2012",0.316323,0.3765,6099.98,21161.9213976121
"EST","2013",0.326214,0.3883,6548.91,21459.5919239261
"EST","2014",0.340392,0.3989,7272.92,22570.8416084236
"EST","2015",0.352845,0.4135,8029.5,23436.376650842
"EST","2016",0.361545,0.4236,8839.9,24691.2957568958
"EST","2017",0.370911,0.4346,9342.94,25368.0513517789
"EST","2018",0.367773,0.4309,9609.1,26898.1034588229
"FIN","1990",NA,NA,NA,33509.4178705974
"FIN","1991",NA,NA,NA,33853.4679269936
"FIN","1992",NA,NA,NA,33355.3442761844
"FIN","1993",NA,NA,NA,32178.7038174373
"FIN","1994",NA,NA,NA,32647.0054779318
"FIN","1995",NA,NA,NA,33979.4296556101
"FIN","1996",NA,NA,NA,34792.2112273051
"FIN","1997",NA,NA,NA,34824.0159209104
"FIN","1998",NA,NA,NA,35725.3112650613
"FIN","1999",NA,NA,NA,36568.7027945852
"FIN","2000",NA,NA,NA,37200.2050177008
"FIN","2001",NA,NA,NA,37404.3285672673
"FIN","2002",NA,NA,NA,37616.4255653575
"FIN","2003",NA,NA,NA,38340.9304818447
"FIN","2004",NA,NA,NA,39622.9838628575
"FIN","2005",NA,NA,NA,40535.7987693477
"FIN","2006",NA,NA,NA,41478.6983095704
"FIN","2007",NA,NA,NA,42110.6872214358
"FIN","2008",NA,NA,NA,42518.6407442485
"FIN","2009",NA,NA,NA,42861.7161774307
"FIN","2010",NA,NA,NA,43535.1708693634
"FIN","2011",NA,NA,NA,43684.9402860267
"FIN","2012",NA,NA,NA,43715.1561535435
"FIN","2013",NA,NA,NA,43245.2669675646
"FIN","2014",NA,NA,NA,43229.0935131727
"FIN","2015",NA,NA,NA,43617.2844843303
"FIN","2016",NA,NA,NA,43968.9316285763
"FIN","2017",NA,NA,NA,43801.8690399294
"FIN","2018",NA,NA,NA,44111.4000300468
"FRA","1960",0.427894,0.5027,6116.69,NA
"FRA","1961",0.407667,0.4937,6178.3,NA
"FRA","1962",0.385422,0.4513,6158.59,NA
"FRA","1963",0.379481,0.4787,6347.65,NA
"FRA","1964",0.36292,0.4485,6258.47,NA
"FRA","1965",0.356058,0.4428,6338.41,NA
"FRA","1966",0.347016,0.4355,6399.39,NA
"FRA","1967",0.339926,0.4238,6475,NA
"FRA","1968",0.388663,0.4855,7828.83,NA
"FRA","1969",0.41213,0.5122,8670.81,NA
"FRA","1970",0.404706,0.5007,8845.5,NA
"FRA","1971",0.403557,0.495,9282.83,NA
"FRA","1972",0.409126,0.5007,9770.4,NA
"FRA","1973",0.430086,0.5244,10733.46,NA
"FRA","1974",0.452073,0.5539,11643.94,NA
"FRA","1975",0.469045,0.5758,12432.45,NA
"FRA","1976",0.45903,0.5613,12992.63,NA
"FRA","1977",0.465772,0.5667,13351.1,NA
"FRA","1978",0.463879,0.563,13800.61,NA
"FRA","1979",0.47045,0.5659,14029.4,NA
"FRA","1980",0.474558,0.5681,14291.14,NA
"FRA","1981",0.498632,0.5987,14901.38,NA
"FRA","1982",0.511083,0.6154,15651.07,NA
"FRA","1983",0.514105,0.6201,16027.64,NA
"FRA","1984",0.516888,0.6241,16286.8,NA
"FRA","1985",0.512219,0.6181,16370.22,NA
"FRA","1986",0.499412,0.6073,16505.21,NA
"FRA","1987",0.501034,0.6084,16618.85,NA
"FRA","1988",0.497173,0.602,16624.53,NA
"FRA","1989",0.490489,0.5966,16750.74,NA
"FRA","1990",0.486264,0.5907,16926.1,33295.6012694504
"FRA","1991",0.49021,0.5949,17199.44,33681.9973360224
"FRA","1992",0.492368,0.5946,17461.86,34058.4359417962
"FRA","1993",0.486403,0.5878,17541.89,34451.9239632984
"FRA","1994",0.489507,0.5929,17634.21,34593.962641568
"FRA","1995",0.486115,0.5939,17855.77,35110.2562341936
"FRA","1996",0.491804,0.5984,18136.54,35208.7839829901
"FRA","1997",0.497405,0.6046,18442.19,35605.1612550523
"FRA","1998",0.507383,0.6161,18866.82,36151.1151382256
"FRA","1999",0.503301,0.6155,19075.18,36948.895803383
"FRA","2000",0.50163,0.6169,17218.58,37125.709215734
"FRA","2001",0.508831,0.6311,17559.18,37361.1517578908
"FRA","2002",0.510792,0.6316,17781,38370.1803128116
"FRA","2003",0.516966,0.6387,18086.3,38681.1605263705
"FRA","2004",0.530376,0.6576,18692.13,39315.1747649341
"FRA","2005",0.541072,0.6702,19414.1,39792.1734122343
"FRA","2006",0.510494,0.6337,19900.01,40236.6700084649
"FRA","2007",0.507624,0.633,20101.51,40386.8335507641
"FRA","2008",0.506552,0.6295,20140.51,40308.4083589361
"FRA","2009",0.508769,0.6275,20493.07,41589.7271840684
"FRA","2010",0.502651,0.621,20356.73,42435.382461807
"FRA","2011",0.500776,0.6197,20332.28,42370.2975642061
"FRA","2012",0.508994,0.6307,20593.29,42654.3682578995
"FRA","2013",0.506841,0.628,20680.11,43012.5415445609
"FRA","2014",0.505066,0.6258,20793.73,43308.8458742606
"FRA","2015",0.50308,0.6234,20960.52,43731.6568653337
"FRA","2016",0.500436,0.6201,21052.79,44220.2546274175
"FRA","2017",0.498628,0.6178,21031.62,44469.0205777572
"FRA","2018",0.497172,0.616,20903.33,44510.1331755264
"GBR","1990",NA,NA,NA,31504.6061268131
"GBR","1991",NA,NA,NA,31490.9672304263
"GBR","1992",NA,NA,NA,32122.864195623
"GBR","1993",NA,NA,NA,32658.1515810269
"GBR","1994",NA,NA,NA,33250.2600071656
"GBR","1995",NA,NA,NA,33290.4272014082
"GBR","1996",NA,NA,NA,33294.2736180671
"GBR","1997",NA,NA,NA,34247.9632451117
"GBR","1998",NA,NA,NA,35857.1180979863
"GBR","1999",0.355731,0.4235,NA,37181.2890563773
"GBR","2000",0.340586,0.4086,13549.77,38908.2071623341
"GBR","2001",0.330948,0.4017,13975.42,40839.51885793
"GBR","2002",0.348343,0.4257,14950.24,41517.138801581
"GBR","2003",0.345394,0.4216,15291.88,42651.9434099402
"GBR","2004",0.356294,0.431,16177.69,43662.6782108303
"GBR","2005",0.369101,0.4503,16931.51,43597.2427682325
"GBR","2006",0.37105,0.4541,17273.87,44590.0677442968
"GBR","2007",0.382142,0.4664,17760.28,45881.9279187746
"GBR","2008",0.377823,0.4607,17736.6,44679.4528629212
"GBR","2009",0.380225,0.4613,17939.79,45455.2309125489
"GBR","2010",0.379829,0.4614,17760.88,45526.5534183901
"GBR","2011",0.384565,0.4691,17491.32,44375.687431994
"GBR","2012",0.390494,0.4738,17455.25,44006.8490972108
"GBR","2013",0.389798,0.4714,17378.5,44141.380031534
"GBR","2014",0.398107,0.4794,17512.99,43782.3131168514
"GBR","2015",0.405742,0.4868,17970.55,44125.736187621
"GBR","2016",0.437689,0.527,19558.3,44465.8182551878
"GBR","2017",0.443524,0.5357,19663.32,44589.7798966777
"GBR","2018",0.44794,0.5448,20053.09,44770.0497407862
"GRC","1960",NA,NA,6038.58,NA
"GRC","1961",NA,NA,6282.11,NA
"GRC","1962",0.681666,0.818,6664.16,NA
"GRC","1963",0.706666,0.848,6702.17,NA
"GRC","1964",0.68,0.7933,7477.97,NA
"GRC","1965",0.595,0.7933,7244.63,NA
"GRC","1966",0.62,0.7971,8095.69,NA
"GRC","1967",0.644,0.805,9179.22,NA
"GRC","1968",0.681,0.8512,9684.55,NA
"GRC","1969",0.626666,0.8355,10423.12,NA
"GRC","1970",0.641666,0.77,10377.71,NA
"GRC","1971",0.601538,0.782,10203.79,NA
"GRC","1972",0.558,0.7609,10461.8,NA
"GRC","1973",0.561176,0.7338,10345,NA
"GRC","1974",0.60619,0.7488,10902.38,NA
"GRC","1975",0.569259,0.7319,11585.16,NA
"GRC","1976",0.537647,0.677,12190.16,NA
"GRC","1977",0.516829,0.6621,12575.68,NA
"GRC","1978",0.505098,0.644,13577.73,NA
"GRC","1979",0.488709,0.6312,13411.2,NA
"GRC","1980",0.454102,0.5806,12575.55,NA
"GRC","1981",0.4364,0.5594,12444.36,NA
"GRC","1982",0.487518,0.6234,15282.69,NA
"GRC","1983",0.469874,0.6025,14651.53,NA
"GRC","1984",0.468905,0.6041,15603.07,NA
"GRC","1985",0.461535,0.5948,15434.24,NA
"GRC","1986",0.455018,0.5844,13908.78,NA
"GRC","1987",0.45734,0.5854,13162.7,NA
"GRC","1988",0.452443,0.5812,13594.36,NA
"GRC","1989",0.445152,0.5715,14208.57,NA
"GRC","1990",0.442287,0.5691,13983.57,NA
"GRC","1991",0.42895,0.5511,13234.05,NA
"GRC","1992",0.419524,0.5388,12719.35,NA
"GRC","1993",0.424529,0.5455,12436.71,NA
"GRC","1994",0.423055,0.544,12635.58,NA
"GRC","1995",0.40897,0.5254,12693.02,23315.8347284809
"GRC","1996",0.412674,0.5299,12646.17,23370.7725328235
"GRC","1997",0.414597,0.5323,12950.13,25670.8162387173
"GRC","1998",0.388747,0.4991,13031.12,26001.8923688491
"GRC","1999",0.38563,0.4951,13147.49,26796.4562143639
"GRC","2000",0.366463,0.4707,13282.04,27408.9527931044
"GRC","2001",0.355209,0.456,13276.46,27963.293769327
"GRC","2002",0.355349,0.4562,13494.03,30555.5172567839
"GRC","2003",0.340057,0.452,13701.6,31886.0883808239
"GRC","2004",0.321045,0.4413,13997.76,32458.1408730786
"GRC","2005",0.314781,0.4477,14269.54,32359.2814412905
"GRC","2006",0.308313,0.4536,14681.9,32747.1821376753
"GRC","2007",0.314266,0.4623,15034.85,32739.6592969413
"GRC","2008",0.325933,0.4795,15330.87,32246.4079492259
"GRC","2009",0.327212,0.4815,16015.69,33761.8009258269
"GRC","2010",0.382217,0.4765,15564.89,31510.0511652537
"GRC","2011",0.355897,0.5236,15184.17,29445.2871864826
"GRC","2012",0.297969,0.4384,12144.37,28108.0391954039
"GRC","2013",0.311837,0.4589,11868.66,26289.7562337355
"GRC","2014",0.318116,0.4683,12026.35,26803.2423692921
"GRC","2015",0.326088,0.4798,12238.82,26585.0661034672
"GRC","2016",0.329161,0.4843,12340.72,26506.0918464706
"GRC","2017",0.327375,0.4815,12203.88,26486.3100191359
"GRC","2018",0.323072,0.4753,12128,26670.9542671142
"HUN","1988",0.324079,0.3676,4448.7,NA
"HUN","1989",0.338015,0.39,4630.8,NA
"HUN","1990",0.367384,0.4299,4946.81,NA
"HUN","1991",0.37078,0.44,4900.48,NA
"HUN","1992",0.356109,0.4264,4731.94,NA
"HUN","1993",0.330921,0.4039,4306.68,NA
"HUN","1994",0.291268,0.3595,4215.64,NA
"HUN","1995",0.296516,0.3652,3773.85,15012.5308563567
"HUN","1996",0.300379,0.3756,3669.96,15025.1436748366
"HUN","1997",0.32562,0.3735,3685.68,15476.4783405585
"HUN","1998",0.280919,0.3586,3703.5,15638.9864487464
"HUN","1999",0.277548,0.3585,3884.87,15540.2167205905
"HUN","2000",0.278633,0.3649,4009.76,16094.0670568358
"HUN","2001",0.382896,0.5003,5764.29,17257.9003134661
"HUN","2002",0.427372,0.5698,6844.95,18114.6482490181
"HUN","2003",0.359063,0.4673,6540.11,19807.6023719054
"HUN","2004",0.355953,0.4726,6494.51,21014.3235357295
"HUN","2005",0.351504,0.4632,6744.45,21860.8263848403
"HUN","2006",0.35617,0.4766,7115.57,22284.3970880099
"HUN","2007",0.343868,0.4674,6907.38,21951.6594118404
"HUN","2008",0.341727,0.46,6861.85,22199.469761848
"HUN","2009",0.342038,0.4666,6823.09,21364.5123233544
"HUN","2010",0.347104,0.4741,6689.15,21617.7990952501
"HUN","2011",0.362863,0.4949,6830.27,21604.2409121065
"HUN","2012",0.396471,0.5389,7708.11,20852.2740825257
"HUN","2013",0.401512,0.5386,7984.14,20893.4442256746
"HUN","2014",0.402072,0.5355,8288.15,20707.4577064665
"HUN","2015",0.396676,0.525,8579.24,20150.1482374404
"HUN","2016",0.390471,0.5119,9033.82,21077.5569191831
"HUN","2017",0.40183,0.5268,10150.53,22492.6774507052
"HUN","2018",0.395232,0.5181,10669.44,24454.7107939254
"IRL","1990",NA,NA,NA,24469.3462205446
"IRL","1991",NA,NA,NA,27526.0679473198
"IRL","1992",NA,NA,NA,28701.0238036557
"IRL","1993",NA,NA,NA,30134.650554495
"IRL","1994",NA,NA,NA,30361.8527424471
"IRL","1995",NA,NA,NA,31051.9842293522
"IRL","1996",NA,NA,NA,31354.3042335178
"IRL","1997",NA,NA,NA,33290.7882829713
"IRL","1998",NA,NA,NA,35215.5614639952
"IRL","1999",NA,NA,NA,35988.0568443438
"IRL","2000",0.585138,0.6745,15782.27,36665.9302270514
"IRL","2001",0.441221,0.5226,15560.45,37896.9578687852
"IRL","2002",0.432336,0.5122,15620.33,38086.7981656284
"IRL","2003",0.432058,0.5118,15789.73,39057.0258724239
"IRL","2004",0.44539,0.5261,16909.72,40126.4342402083
"IRL","2005",0.462443,0.5403,17648.78,41794.3513928186
"IRL","2006",0.441641,0.5237,17483.95,42255.5936880077
"IRL","2007",0.447009,0.5312,18476.1,43479.0941899441
"IRL","2008",0.444151,0.5236,18111.13,44888.3842529549
"IRL","2009",0.388938,0.4675,18960.19,48159.9788057754
"IRL","2010",0.37625,0.4413,19136.64,48697.7083278353
"IRL","2011",0.373005,0.4325,18659.49,48764.6568684627
"IRL","2012",0.381393,0.4413,18348.26,48153.3540175673
"IRL","2013",0.370767,0.4346,18255.39,46724.7623690921
"IRL","2014",0.379552,0.4528,18222.13,46314.7079297888
"IRL","2015",0.374621,0.439,18275.11,47244.9340814556
"IRL","2016",0.392535,0.474,19329.87,47709.0224609952
"IRL","2017",0.395976,0.4719,19474.8,47302.7791569915
"IRL","2018",0.398581,0.475,20008.7,47951.8524334211
"ISL","1990",NA,NA,NA,36381.5385100216
"ISL","1991",NA,NA,NA,39332.4231101676
"ISL","1992",NA,NA,NA,37983.7038898173
"ISL","1993",NA,NA,NA,35993.1404592746
"ISL","1994",NA,NA,NA,36711.7119753143
"ISL","1995",NA,NA,NA,37577.9189490215
"ISL","1996",NA,NA,NA,38923.8167583421
"ISL","1997",NA,NA,NA,40710.0373589598
"ISL","1998",NA,NA,NA,45013.0584942867
"ISL","1999",NA,NA,NA,47045.6121381763
"ISL","2000",NA,NA,NA,48486.6511035027
"ISL","2001",NA,NA,NA,48201.8778824923
"ISL","2002",NA,NA,NA,49586.0874948669
"ISL","2003",NA,NA,NA,48307.4970143904
"ISL","2004",NA,NA,NA,51577.5204253751
"ISL","2005",NA,NA,NA,55607.2683005514
"ISL","2006",NA,NA,NA,58094.6995659513
"ISL","2007",NA,NA,NA,59636.1634205337
"ISL","2008",NA,NA,NA,52850.9281481248
"ISL","2009",NA,NA,NA,44701.0596258586
"ISL","2010",NA,NA,NA,45951.9298914322
"ISL","2011",NA,NA,NA,48156.1772241072
"ISL","2012",NA,NA,NA,48049.6979366489
"ISL","2013",NA,NA,NA,48858.1505932368
"ISL","2014",NA,NA,NA,49471.5041523185
"ISL","2015",NA,NA,NA,53261.7174480099
"ISL","2016",NA,NA,NA,58131.1495317627
"ISL","2017",NA,NA,NA,64415.1084486277
"ISL","2018",NA,NA,NA,66504.2811678198
"ISR","1995",NA,NA,NA,30907.0360485338
"ISR","1996",NA,NA,NA,33580.8171003968
"ISR","1997",NA,NA,NA,34545.5357189776
"ISR","1998",NA,NA,NA,35915.996164509
"ISR","1999",NA,NA,NA,36501.1282212327
"ISR","2000",NA,NA,11059.16,37840.7459852047
"ISR","2001",0.391085,0.5382,11935.86,38460.463936789
"ISR","2002",0.394398,0.5426,11554.51,36958.5911141443
"ISR","2003",0.412173,0.5518,11712.36,35677.0869346245
"ISR","2004",0.404467,0.5407,11760.67,35130.100372516
"ISR","2005",0.399004,0.5441,11608.66,35201.9469989573
"ISR","2006",0.411455,0.5662,11934.06,36326.0032539771
"ISR","2007",0.413748,0.5729,12481.23,37025.3867305477
"ISR","2008",0.409923,0.57,12261.54,36073.7310912154
"ISR","2009",0.412986,0.5634,12086.21,35294.2890114781
"ISR","2010",0.410538,0.5575,11767.58,34997.4356731248
"ISR","2011",0.415709,0.56,11771.87,35274.9153651227
"ISR","2012",0.415023,0.5608,12055.93,33166.6521445499
"ISR","2013",0.420437,0.5748,12298.43,33428.1804317325
"ISR","2014",0.410869,0.5485,12239.06,33516.0416238946
"ISR","2015",0.423655,0.5703,13068.87,34481.7180670722
"ISR","2016",0.430298,0.5766,13644.42,35701.372176287
"ISR","2017",0.437847,0.58,14365.37,36678.6906923196
"ISR","2018",0.448471,0.5941,15104.21,37655.3011101961
"ITA","1990",NA,NA,NA,37088.396431468
"ITA","1991",NA,NA,NA,37399.9805429654
"ITA","1992",NA,NA,NA,37363.7732456989
"ITA","1993",NA,NA,NA,36788.2477991335
"ITA","1994",NA,NA,NA,36311.8599617541
"ITA","1995",NA,NA,NA,35516.8940645499
"ITA","1996",NA,NA,NA,35809.4110589309
"ITA","1997",NA,NA,NA,36660.9814517957
"ITA","1998",NA,NA,NA,36831.5939959088
"ITA","1999",NA,NA,NA,37178.5729183143
"ITA","2000",NA,NA,NA,37144.639619821
"ITA","2001",NA,NA,NA,37332.0816406461
"ITA","2002",NA,NA,NA,37078.4433547188
"ITA","2003",NA,NA,NA,37038.1019674051
"ITA","2004",NA,NA,NA,37796.2478275634
"ITA","2005",NA,NA,NA,38222.7345109286
"ITA","2006",NA,NA,NA,38484.5356496312
"ITA","2007",NA,NA,NA,38448.9245535638
"ITA","2008",NA,NA,NA,38488.6452069051
"ITA","2009",NA,NA,NA,38680.9424219254
"ITA","2010",NA,NA,NA,39051.1053408773
"ITA","2011",NA,NA,NA,38438.7463541042
"ITA","2012",NA,NA,NA,37279.1206637196
"ITA","2013",NA,NA,NA,37338.2738536774
"ITA","2014",NA,NA,NA,37481.9106028961
"ITA","2015",NA,NA,NA,37793.0767637178
"ITA","2016",NA,NA,NA,38059.9491856735
"ITA","2017",NA,NA,NA,37696.6486010454
"ITA","2018",NA,NA,NA,37751.9346359886
"JPN","1975",0.247502,0.2763,NA,NA
"JPN","1976",0.257383,0.2873,8436.24,NA
"JPN","1977",0.25673,0.2852,8532.55,NA
"JPN","1978",0.265158,0.295,8905.99,NA
"JPN","1979",0.271853,0.3013,9130.62,NA
"JPN","1980",0.268233,0.2973,9001.54,NA
"JPN","1981",0.268181,0.2979,9154.6,NA
"JPN","1982",0.271613,0.3025,9438.84,NA
"JPN","1983",0.277932,0.3111,9697.07,NA
"JPN","1984",0.279863,0.3113,9765.68,NA
"JPN","1985",0.272727,0.3114,9865.93,NA
"JPN","1986",0.274436,0.3115,10140.75,NA
"JPN","1987",0.276178,0.3116,10409.15,NA
"JPN","1988",0.274895,0.311,10584.07,NA
"JPN","1989",0.268859,0.3063,10666.57,NA
"JPN","1990",0.2624,0.2994,10769.71,38726.4433811043
"JPN","1991",0.255066,0.2898,10938.48,39240.7223544438
"JPN","1992",0.257604,0.2931,11258.68,39360.8614690153
"JPN","1993",0.255309,0.2897,11577.87,38987.6446585674
"JPN","1994",0.262849,0.2986,11841.13,39383.1545690544
"JPN","1995",0.268676,0.3055,12139.31,39851.4072649571
"JPN","1996",0.269281,0.3059,12395.29,40050.5514939325
"JPN","1997",0.268998,0.3059,12430.37,40406.9166096255
"JPN","1998",0.273743,0.3108,12614.72,40289.9360181275
"JPN","1999",0.280709,0.3182,12860.65,40240.9756765025
"JPN","2000",0.283854,0.3221,13047.81,40467.6855396017
"JPN","2001",0.283075,0.3211,13240.39,39960.9730766101
"JPN","2002",0.286269,0.3254,13429.61,39150.520847364
"JPN","2003",0.291684,0.3308,13484.45,39186.7002306701
"JPN","2004",0.295505,0.3358,13516.06,39489.7711660412
"JPN","2005",0.29308,0.3345,13625.67,40173.1904895579
"JPN","2006",0.296493,0.3383,13739.02,39933.0051985948
"JPN","2007",0.297655,0.3407,14025.08,39872.6091944963
"JPN","2008",0.303579,0.3464,14124.45,39847.9871730563
"JPN","2009",0.315529,0.3618,14556.62,39470.265260481
"JPN","2010",0.326315,0.3731,14958.6,40175.1911921991
"JPN","2011",0.333029,0.3817,15167.84,41082.0697782614
"JPN","2012",0.333032,0.3832,15437.19,40380.3932791661
"JPN","2013",0.339221,0.3901,15695.56,40352.7881091278
"JPN","2014",0.34151,0.3928,15601.85,39633.2519370797
"JPN","2015",0.343615,0.3966,15869.34,39591.572927675
"JPN","2016",0.34718,0.4008,16381.75,40304.5549339084
"JPN","2017",0.3557,0.4106,16802.06,40510.0091715071
"JPN","2018",0.364119,0.4203,NA,40573.3776475475
"KOR","1988",0.260001,0.3295,4255.78,NA
"KOR","1989",0.279696,0.3464,5085.83,NA
"KOR","1990",0.273605,0.3367,5386.85,22141.4255683594
"KOR","1991",0.273399,0.333,5733.29,23066.8614135424
"KOR","1992",0.261066,0.3082,5855.93,23980.8466646059
"KOR","1993",0.256957,0.3007,6070.92,25308.3632751065
"KOR","1994",0.253263,0.2912,6328.78,25751.3613818768
"KOR","1995",0.239249,0.2778,6556.1,28234.6843746628
"KOR","1996",0.230628,0.2721,6827.41,29537.9206290246
"KOR","1997",0.232327,0.2711,7091.65,28911.4338714041
"KOR","1998",0.24307,0.285,6919.32,28535.5624537484
"KOR","1999",0.249487,0.2945,7100.2,28673.1726740581
"KOR","2000",0.238126,0.2879,7563.01,29081.615387887
"KOR","2001",0.260886,0.318,8365.14,29667.3008961461
"KOR","2002",0.273128,0.3341,9040.85,30700.3838718115
"KOR","2003",0.27302,0.3399,9522.95,31791.7308333138
"KOR","2004",0.2822,0.353,10234.56,32706.8462668661
"KOR","2005",0.297768,0.3728,11126.08,33648.0661630446
"KOR","2006",0.306206,0.3892,11526.61,33988.4017480642
"KOR","2007",0.333539,0.4285,12619.66,34583.1132968001
"KOR","2008",0.341325,0.436,13060.87,34272.2125106941
"KOR","2009",0.359051,0.452,13485.92,34361.8103405597
"KOR","2010",0.358628,0.4506,13461.13,34955.5845650953
"KOR","2011",0.358172,0.4547,13601.36,35294.6483650508
"KOR","2012",0.341068,0.4294,13049.84,34864.2030857494
"KOR","2013",0.350598,0.4421,13669.75,35528.7912493237
"KOR","2014",0.357132,0.4584,14469.75,35321.0968215956
"KOR","2015",0.378322,0.4859,15388.68,35949.1141603885
"KOR","2016",0.397214,0.5041,16469.67,37165.0548439605
"KOR","2017",0.414274,0.5283,17334.38,37849.3932682433
"KOR","2018",0.460851,0.5856,19880.75,39471.7119182279
"LTU","1995",NA,NA,2057.58,8058.50832663401
"LTU","1996",NA,NA,2944.22,8968.89905925775
"LTU","1997",0.426737,0.5391,4215.72,9925.88085346029
"LTU","1998",0.398294,0.5031,4477.08,10839.2590979209
"LTU","1999",0.386227,0.4879,4577.82,11311.4989961812
"LTU","2000",0.392831,0.4962,4533.32,11359.1567505146
"LTU","2001",0.388232,0.4904,4472.18,12012.4115368809
"LTU","2002",0.376132,0.4751,4459.62,12829.2854578913
"LTU","2003",0.361259,0.4564,4580.72,14208.3600116347
"LTU","2004",0.373131,0.4713,5011.92,15709.2157010792
"LTU","2005",0.365071,0.4612,5303.01,17353.8418757347
"LTU","2006",0.348326,0.437,5598.71,19869.7780985153
"LTU","2007",0.326919,0.4101,5985.58,21165.7242527816
"LTU","2008",0.336945,0.4227,6641.25,21493.5274247118
"LTU","2009",0.352618,0.4423,6358.12,18767.8865773
"LTU","2010",0.397427,0.4982,6275.33,18835.7138113218
"LTU","2011",0.386225,0.4842,6026.42,19367.1817907655
"LTU","2012",0.384995,0.4826,5998.02,19671.0999391467
"LTU","2013",0.444924,0.5578,7231.49,20471.730643658
"LTU","2014",0.413881,0.5117,7288.72,21367.7088495311
"LTU","2015",0.419244,0.5183,7864.22,22741.6996394542
"LTU","2016",0.451618,0.5583,9102.98,23933.4999319603
"LTU","2017",0.433281,0.5357,9136.91,25207.1387454833
"LTU","2018",0.41434,0.5123,9365.14,26429.2281878031
"LUX","1960",0.448481,0.5192,7904.74,NA
"LUX","1961",0.431386,0.4994,7866.79,NA
"LUX","1962",0.397517,0.4602,7796.93,NA
"LUX","1963",0.40377,0.4674,8334.17,NA
"LUX","1964",0.403986,0.4677,8613.39,NA
"LUX","1965",0.380905,0.4409,8633.38,NA
"LUX","1966",0.375726,0.4349,8618.23,NA
"LUX","1967",0.38074,0.4407,8667.92,NA
"LUX","1968",0.374438,0.4334,8984.06,NA
"LUX","1969",0.364472,0.4219,9083.29,NA
"LUX","1970",0.350864,0.4062,9509.22,NA
"LUX","1971",0.38099,0.441,10607.06,NA
"LUX","1972",0.351638,0.407,10647.36,NA
"LUX","1973",0.39702,0.4596,12612.67,NA
"LUX","1974",0.34259,0.3966,12453.45,NA
"LUX","1975",0.403121,0.4667,14324.11,NA
"LUX","1976",0.38314,0.4435,14330.91,NA
"LUX","1977",0.396207,0.4586,14984.33,NA
"LUX","1978",0.403857,0.4675,15717.98,NA
"LUX","1979",0.401148,0.4644,15634.16,NA
"LUX","1980",0.395959,0.4584,15612.59,NA
"LUX","1981",0.418514,0.4845,15976.97,NA
"LUX","1982",0.422173,0.4887,15977.46,NA
"LUX","1983",0.426163,0.4933,16104.55,NA
"LUX","1984",0.436973,0.5058,15991.49,NA
"LUX","1985",0.435817,0.5045,15778.97,NA
"LUX","1986",0.437634,0.5066,16399.67,NA
"LUX","1987",0.436059,0.5048,16693.26,NA
"LUX","1988",0.414928,0.4803,16491.11,NA
"LUX","1989",0.423193,0.4899,17030.21,NA
"LUX","1990",0.431345,0.4993,17045.32,46151.5400988831
"LUX","1991",0.448209,0.5189,18119.95,47609.2242957198
"LUX","1992",0.442767,0.5126,18437.15,48551.5224772322
"LUX","1993",0.452087,0.5233,19063.93,49769.7140004773
"LUX","1994",0.445898,0.5162,19301.85,50523.2457900908
"LUX","1995",0.459015,0.5314,19939.87,50600.6342325055
"LUX","1996",0.465824,0.5392,19868.11,51405.8240233382
"LUX","1997",0.473567,0.5482,20691.93,52159.1352867883
"LUX","1998",0.456962,0.529,20537.22,52462.8623228492
"LUX","1999",0.45042,0.5214,20808.25,53587.2263981385
"LUX","2000",0.445502,0.5157,20719.34,55448.9929543984
"LUX","2001",0.456164,0.5281,21459.24,56086.7288042663
"LUX","2002",0.447414,0.5179,21416.58,57255.5182222063
"LUX","2003",0.456213,0.5281,22217.91,56987.1225556394
"LUX","2004",0.448445,0.5191,22185.59,57767.5247410426
"LUX","2005",0.451505,0.5227,22631.66,57822.1181385342
"LUX","2006",0.453642,0.5416,22501.21,58620.7820133888
"LUX","2007",0.456525,0.5451,22922.95,60156.8725383337
"LUX","2008",0.449744,0.537,22630.56,59918.8814288011
"LUX","2009",0.457053,0.5457,23573.48,61588.2720846862
"LUX","2010",0.459423,0.5552,23432.6,62131.5623708291
"LUX","2011",0.463142,0.5597,23374.93,61213.3410244053
"LUX","2012",0.460182,0.5561,23195.47,60707.1062205704
"LUX","2013",0.454573,0.5493,23171.39,61305.4750404664
"LUX","2014",0.449835,0.5534,24167.29,63606.7061442543
"LUX","2015",0.445647,0.5483,24218.81,64551.5463205006
"LUX","2016",0.442193,0.544,24148.58,64453.1102333611
"LUX","2017",0.44511,0.5476,24671.33,65890.9973978135
"LUX","2018",0.437647,0.5384,24553.03,65448.6119521135
"LVA","1992",NA,NA,290.2,NA
"LVA","1993",NA,NA,587.73,NA
"LVA","1994",NA,NA,1012.19,NA
"LVA","1995",NA,NA,1264.62,NA
"LVA","1996",NA,NA,1584.6,9265.98820275247
"LVA","1997",2.10843,1.6531,1673.31,9696.22181458246
"LVA","1998",0.244199,0.3343,1831.89,10003.561805642
"LVA","1999",0.274804,0.3762,2158.69,10426.3841311125
"LVA","2000",0.259322,0.355,2092.75,10987.3519650471
"LVA","2001",0.267661,0.3664,2242.29,11359.3588434611
"LVA","2002",0.269442,0.3688,2396.43,11003.5196212562
"LVA","2003",0.337646,0.4431,2739.68,11819.2902278456
"LVA","2004",0.352438,0.4625,3062.89,12795.5748276585
"LVA","2005",0.30209,0.3964,2988.55,14893.407683512
"LVA","2006",0.276623,0.363,3274.8,16439.2025632773
"LVA","2007",0.284859,0.365,4267.71,20280.4197698983
"LVA","2008",0.315211,0.4039,5503.07,20949.700372044
"LVA","2009",0.36923,0.4732,6168.25,18917.1205733307
"LVA","2010",0.382062,0.4896,6031.12,18174.8591331609
"LVA","2011",0.405396,0.5064,6480.23,17541.3596067982
"LVA","2012",0.3906,0.4879,6312.15,18272.8763173215
"LVA","2013",0.373689,0.4668,6204.56,19151.9646557893
"LVA","2014",0.394088,0.4923,6947.38,20429.4520762526
"LVA","2015",0.414624,0.5179,7778.88,22295.3147341683
"LVA","2016",0.405801,0.5069,7971.77,23591.6862773207
"LVA","2017",0.386718,0.4831,8047.93,24633.9748462605
"LVA","2018",0.403597,0.5041,8969.79,25586.1979656909
"MEX","1965",0.700298,NA,NA,NA
"MEX","1970",0.829988,NA,NA,NA
"MEX","1975",0.764015,NA,NA,NA
"MEX","1976",0.681843,NA,NA,NA
"MEX","1977",0.776213,NA,NA,NA
"MEX","1978",0.820717,NA,NA,NA
"MEX","1979",0.806683,NA,NA,NA
"MEX","1980",0.771531,NA,NA,NA
"MEX","1981",0.782151,NA,NA,NA
"MEX","1982",0.619645,NA,NA,NA
"MEX","1983",0.704254,NA,NA,NA
"MEX","1984",0.684309,NA,4250.32,NA
"MEX","1985",0.720118,NA,4194.19,NA
"MEX","1986",0.730272,NA,3832.58,NA
"MEX","1987",0.62794,NA,3602.2,NA
"MEX","1988",0.589163,NA,3156.25,NA
"MEX","1989",0.542769,NA,2965.9,NA
"MEX","1990",0.488022,NA,2688.64,14257.7225732305
"MEX","1991",0.454851,NA,2568.11,15011.3704992682
"MEX","1992",0.410433,NA,2453.86,15828.2464228375
"MEX","1993",0.392467,NA,2416.4,16470.5413113523
"MEX","1994",0.380731,NA,2416.45,16887.6763836943
"MEX","1995",0.388889,NA,2105.6,13927.963333197
"MEX","1996",0.394208,NA,1943.87,13119.6723430795
"MEX","1997",0.385804,NA,1920.83,13753.8908657128
"MEX","1998",0.374118,NA,1929.37,14514.0300938893
"MEX","1999",0.352249,NA,1866.27,15103.2576835964
"MEX","2000",0.331048,NA,1875.95,15904.7541127046
"MEX","2001",0.314918,NA,1886.68,16811.8455782763
"MEX","2002",0.308549,NA,1900.06,16747.5881302483
"MEX","2003",0.302461,NA,1899.29,17039.2770923591
"MEX","2004",0.299339,NA,1891.42,17139.208916193
"MEX","2005",0.299151,0.3812,1900.55,17244.5671672887
"MEX","2006",0.290846,0.3764,1907.32,17217.9802354853
"MEX","2007",0.282614,0.3665,1905.9,17283.7358711695
"MEX","2008",0.286372,0.3616,1885.68,17150.1719857034
"MEX","2009",0.283481,0.3675,1873.59,17268.9590453802
"MEX","2010",0.265523,0.3485,1886.07,16183.1056096666
"MEX","2011",0.270526,0.3628,1898.82,16328.2366375473
"MEX","2012",0.273126,0.3632,1901.79,16050.2982332233
"MEX","2013",0.274911,0.3682,1910.08,16050.2842870555
"MEX","2014",0.286629,0.3747,1907.85,16028.6024039887
"MEX","2015",0.289831,0.3749,1946.6,16231.2254925975
"MEX","2016",0.30325,0.3844,2011.83,16135.6487629343
"MEX","2017",0.319902,0.4002,2079.03,16110.1763232799
"MEX","2018",0.337001,0.4221,2187.95,16297.708306066
"NLD","1960",0.685509,NA,NA,NA
"NLD","1961",0.661085,NA,14973.23,NA
"NLD","1962",0.633488,NA,15128.81,NA
"NLD","1963",0.675939,NA,16905.68,NA
"NLD","1964",0.623224,0.6953,16951.32,NA
"NLD","1965",0.629604,0.7023,17951.02,NA
"NLD","1966",0.613028,0.6839,18514.89,NA
"NLD","1967",0.61014,0.6805,18939.77,NA
"NLD","1968",0.595097,0.6638,19116.75,NA
"NLD","1969",0.587244,0.6551,19213.87,NA
"NLD","1970",0.555262,0.6193,19576.44,NA
"NLD","1971",0.547196,0.6103,20711.52,NA
"NLD","1972",0.562042,0.627,21528.77,NA
"NLD","1973",0.570885,0.6368,22915.52,NA
"NLD","1974",0.578928,0.6458,24605.05,NA
"NLD","1975",0.59714,0.6662,25949.75,NA
"NLD","1976",0.616907,0.6882,26692.53,NA
"NLD","1977",0.59264,0.6611,26876.75,NA
"NLD","1978",0.605126,0.675,28012.74,NA
"NLD","1979",0.592556,0.661,28038.85,NA
"NLD","1980",0.592055,0.6605,27610.21,NA
"NLD","1981",0.57878,0.6457,26641.55,NA
"NLD","1982",0.571275,0.6373,26475,NA
"NLD","1983",0.575341,0.6418,26346.49,NA
"NLD","1984",0.552936,0.6168,24745.22,NA
"NLD","1985",0.551573,0.6153,24198.68,NA
"NLD","1986",0.542268,0.605,24178.52,NA
"NLD","1987",0.536199,0.5981,24422.14,NA
"NLD","1988",0.529486,0.5907,24280.62,NA
"NLD","1989",0.518564,0.5785,24020.68,NA
"NLD","1990",0.505653,0.5641,23858.46,47888.0320945918
"NLD","1991",0.504464,0.5628,23833.77,48248.3201532478
"NLD","1992",0.497656,0.5551,23804.99,48496.2765580043
"NLD","1993",0.48622,0.5424,23365.12,49326.0928789729
"NLD","1994",0.47773,0.5329,22728.38,49679.751814732
"NLD","1995",0.470762,0.5251,22299.51,48707.2373658186
"NLD","1996",0.470648,0.525,22148.62,48540.911772099
"NLD","1997",0.465887,0.5197,22069.37,48702.6433281809
"NLD","1998",0.486182,0.5423,22222.43,47149.1248687287
"NLD","1999",0.482804,0.5386,22408.5,48027.9817629852
"NLD","2000",0.468969,0.5231,22505.15,49225.7261535839
"NLD","2001",0.473818,0.5285,22906.16,49955.5429951854
"NLD","2002",0.426938,0.4826,23157.68,50125.1921442495
"NLD","2003",0.427491,0.4832,23389.53,50481.0439205833
"NLD","2004",0.418712,0.4733,23240.86,51286.3893218508
"NLD","2005",0.411469,0.4651,22855.03,51286.5622056545
"NLD","2006",0.42497,0.4986,22851.51,51186.2627615449
"NLD","2007",0.429703,0.5042,23023.3,51917.4988338074
"NLD","2008",0.429635,0.5041,23097.71,52231.3253699685
"NLD","2009",0.431896,0.5067,23573.39,54463.9530851759
"NLD","2010",0.406916,0.4735,23643.53,54477.2273959105
"NLD","2011",0.403436,0.4695,23266.83,54140.2907472644
"NLD","2012",0.403852,0.47,23181.2,54362.1954727787
"NLD","2013",0.400427,0.466,22895.61,54554.9653435035
"NLD","2014",0.388222,0.4646,22998.15,54260.7447913823
"NLD","2015",0.385957,0.4619,23036.09,54892.5887094084
"NLD","2016",0.38909,0.4657,23408.15,55131.5950035034
"NLD","2017",0.391767,0.4689,23504.63,54633.7962653935
"NLD","2018",0.392709,0.47,23520.56,54261.6824451956
"NOR","1990",NA,NA,NA,29538.316463596
"NOR","1991",NA,NA,NA,29865.3506405023
"NOR","1992",NA,NA,NA,30247.0083272951
"NOR","1993",NA,NA,NA,30535.5556928731
"NOR","1994",NA,NA,NA,31158.0547791565
"NOR","1995",NA,NA,NA,31448.9955709237
"NOR","1996",NA,NA,NA,32395.9624039613
"NOR","1997",NA,NA,NA,33103.1466116362
"NOR","1998",NA,NA,NA,34312.8763744305
"NOR","1999",NA,NA,NA,35428.1790658924
"NOR","2000",NA,NA,NA,35743.8387991255
"NOR","2001",NA,NA,NA,36654.2618047382
"NOR","2002",NA,NA,NA,38106.6582356079
"NOR","2003",NA,NA,NA,38575.2987276215
"NOR","2004",NA,NA,NA,39824.1188035707
"NOR","2005",NA,NA,NA,40952.3950955637
"NOR","2006",NA,NA,NA,42610.4616375417
"NOR","2007",NA,NA,NA,44498.6452315999
"NOR","2008",NA,NA,NA,45529.0431311351
"NOR","2009",NA,NA,NA,46005.8633608988
"NOR","2010",NA,NA,NA,46594.186079918
"NOR","2011",NA,NA,NA,48180.0234172193
"NOR","2012",NA,NA,NA,49465.0685096008
"NOR","2013",NA,NA,NA,50448.6127831153
"NOR","2014",NA,NA,NA,50749.0426223177
"NOR","2015",NA,NA,NA,50994.1031454109
"NOR","2016",NA,NA,NA,50207.0594823316
"NOR","2017",NA,NA,NA,50412.1211468964
"NOR","2018",NA,NA,NA,50955.8298398594
"NZL","1960",0.705357,0.7837,14378.13,NA
"NZL","1961",0.667229,0.7481,14124.22,NA
"NZL","1962",0.66875,0.7474,14159.42,NA
"NZL","1963",0.643354,0.7158,13886.07,NA
"NZL","1964",0.65271,0.732,14304.27,NA
"NZL","1965",0.608707,0.6771,13834.26,NA
"NZL","1966",0.588858,0.6527,13463.28,NA
"NZL","1967",0.579427,0.6468,13034.16,NA
"NZL","1968",0.5875,0.6527,13197.35,NA
"NZL","1969",0.601851,0.6701,13915.93,NA
"NZL","1970",0.541666,0.6018,13064.5,NA
"NZL","1971",0.478723,0.5357,12290.31,NA
"NZL","1972",0.429936,0.4787,11493.49,NA
"NZL","1973",0.628491,0.6987,17709.54,NA
"NZL","1974",0.58173,0.647,17143.1,NA
"NZL","1975",0.583829,0.6471,16949.29,NA
"NZL","1976",0.573207,0.6382,16051.48,NA
"NZL","1977",0.534966,0.5941,14876.03,NA
"NZL","1978",0.547106,0.6084,15214.09,NA
"NZL","1979",0.487784,0.5427,13983.33,NA
"NZL","1980",0.429122,0.4771,12414.76,NA
"NZL","1981",0.363957,0.4055,11064.61,NA
"NZL","1982",0.325077,0.3614,9727.25,NA
"NZL","1983",0.3125,0.3476,9062,NA
"NZL","1984",0.299145,0.3328,8535.27,NA
"NZL","1985",0.401844,0.4465,10720.13,NA
"NZL","1986",0.478603,0.5323,13192.37,NA
"NZL","1987",0.510406,0.5678,13799.92,NA
"NZL","1988",0.492511,0.5479,14083.13,NA
"NZL","1989",0.477685,0.5317,13787.16,NA
"NZL","1990",0.463756,0.516,13369.67,29942.7024625715
"NZL","1991",0.467225,0.5203,13418.15,28739.1384763748
"NZL","1992",0.459864,0.5117,13283.38,29991.0819866168
"NZL","1993",0.460555,0.5125,13114.44,30796.0911546109
"NZL","1994",0.453737,0.5047,12889.47,31370.3159288711
"NZL","1995",0.447804,0.498,12618.02,31201.7715462916
"NZL","1996",0.430508,0.4788,12589.64,31738.4589922003
"NZL","1997",0.459387,0.5111,13513.15,32599.9784640774
"NZL","1998",0.445009,0.4895,13546.2,32105.1633422812
"NZL","1999",0.431565,0.4827,13561.7,31655.0430903883
"NZL","2000",0.451788,0.5033,14070.21,31805.8882916802
"NZL","2001",0.449063,0.5113,14117.94,32391.3890307301
"NZL","2002",0.456846,0.5159,14221.9,33005.0187169573
"NZL","2003",0.460735,0.5306,14766.65,34210.6601277715
"NZL","2004",0.467614,0.5326,15277.71,35419.5669440743
"NZL","2005",0.472809,0.544,15689.26,36022.3393063433
"NZL","2006",0.491707,0.56,16284.21,36253.3558744838
"NZL","2007",0.493716,0.5735,17366.63,38387.9337776155
"NZL","2008",0.505132,0.5905,17939.19,37964.8153223202
"NZL","2009",0.514333,0.5909,18404.07,38433.3498724229
"NZL","2010",0.506586,0.588,18444.22,38802.789479554
"NZL","2011",0.503697,0.5881,18079.43,38803.5873328321
"NZL","2012",0.510102,0.5946,18494.79,39621.7161049065
"NZL","2013",0.505166,0.5913,18714.61,39110.6008023047
"NZL","2014",0.508499,0.5985,19078.6,39419.0831760586
"NZL","2015",0.510111,0.6005,19696.29,40255.7309157625
"NZL","2016",0.513926,0.6052,20238.88,41765.0028053215
"NZL","2017",0.518407,0.6037,20528.01,41953.5862244395
"NZL","2018",0.523128,0.6139,20932.45,42324.8742039956
"POL","1989",0.081851,0.097,NA,NA
"POL","1990",0.139534,0.1674,NA,NA
"POL","1991",0.334391,0.3997,NA,NA
"POL","1992",0.395136,0.4725,4235.42,NA
"POL","1993",0.38915,0.4647,4549.68,NA
"POL","1994",0.391459,0.4678,4597.02,NA
"POL","1995",0.400244,0.4781,4762.53,15917.7659879464
"POL","1996",0.435427,0.4756,4934.58,17168.8975533088
"POL","1997",0.418994,0.4764,5180.33,18059.0174469952
"POL","1998",0.383332,0.4538,5393.42,18603.1735646349
"POL","1999",0.293282,0.355,5359.86,20049.7532155084
"POL","2000",0.326988,0.3964,6234.84,20130.7298068362
"POL","2001",0.342875,0.4162,6659.78,21338.88470798
"POL","2002",0.340837,0.4174,6535.27,21281.9734006313
"POL","2003",0.349497,0.431,6832.58,21543.2441574525
"POL","2004",0.347896,0.4319,6807.29,21120.4841769855
"POL","2005",0.338786,0.4213,6863.93,21062.7063054728
"POL","2006",0.338717,0.4219,7175.98,21203.0840369347
"POL","2007",0.320657,0.3961,7292.02,21878.2248477501
"POL","2008",0.348383,0.4265,8421.49,23045.009955646
"POL","2009",0.374553,0.4586,9194.39,22998.9590715261
"POL","2010",0.371666,0.453,9251.08,23652.3265080117
"POL","2011",0.371056,0.4523,9339.81,23654.2080691834
"POL","2012",0.385037,0.4815,9760.51,23445.5055941532
"POL","2013",0.39626,0.4955,10308.95,23712.9624695206
"POL","2014",0.408986,0.5103,10818.57,24195.8483796721
"POL","2015",0.41095,0.5128,11368.73,24726.1254227733
"POL","2016",0.425604,0.5269,12098.8,25956.369952434
"POL","2017",0.435991,0.5398,12813.77,27057.9570942089
"POL","2018",0.428734,0.5308,13214.88,29109.0437588983
"PRT","1974",NA,NA,10041.1,NA
"PRT","1975",0.456719,0.6506,9788.67,NA
"PRT","1976",0.395091,0.5631,8715.86,NA
"PRT","1977",0.376786,0.5362,7484.04,NA
"PRT","1978",0.381284,0.5425,7419.81,NA
"PRT","1979",0.379381,0.5402,6932.23,NA
"PRT","1980",0.39029,0.5554,7661.03,NA
"PRT","1981",0.384888,0.548,7702.35,NA
"PRT","1982",0.367354,0.5228,7186.36,NA
"PRT","1983",0.375438,0.5343,7041.05,NA
"PRT","1984",0.3848,0.5479,6581.21,NA
"PRT","1985",0.386834,0.5506,6780.39,NA
"PRT","1986",0.383596,0.5461,7073.51,NA
"PRT","1987",0.374417,0.533,7226.11,NA
"PRT","1988",0.359943,0.5123,7084.01,NA
"PRT","1989",0.347294,0.4944,7106.96,NA
"PRT","1990",0.343563,0.4891,7118.88,NA
"PRT","1991",0.344646,0.4906,7292.13,NA
"PRT","1992",0.335874,0.4781,7386.19,NA
"PRT","1993",0.343505,0.4889,7367.73,NA
"PRT","1994",0.339215,0.4829,7269.05,NA
"PRT","1995",0.337727,0.4807,7345.87,23489.9896161478
"PRT","1996",0.333287,0.4744,7484.87,24356.8400168089
"PRT","1997",0.315318,0.4489,7609.74,24992.6620632471
"PRT","1998",0.313044,0.4456,7707.23,25308.9772925959
"PRT","1999",0.32017,0.4558,9137.61,26168.5459308054
"PRT","2000",0.32043,0.4562,9246.52,26532.4583240635
"PRT","2001",0.317891,0.4525,9303.69,26648.6726890496
"PRT","2002",0.330355,0.4703,9351.65,26635.8007282067
"PRT","2003",0.326765,0.4652,9283.61,26566.2944233077
"PRT","2004",0.328062,0.467,9285.34,26612.1169240383
"PRT","2005",0.325864,0.4639,9317.32,26458.8626132083
"PRT","2006",0.325516,0.474,9301.71,25886.1510759711
"PRT","2007",0.327496,0.4769,9486.27,26068.6322528145
"PRT","2008",0.333764,0.486,9774.59,25983.937558558
"PRT","2009",0.342463,0.4987,10412.26,27184.2332455125
"PRT","2010",0.359323,0.5278,10838.77,27080.3018475697
"PRT","2011",0.358947,0.5272,10676.8,26436.5001695017
"PRT","2012",0.35533,0.5219,10388.68,25294.1888121475
"PRT","2013",0.355905,0.5227,10360.25,25813.878459942
"PRT","2014",0.392067,0.5486,10389.15,25360.0758250526
"PRT","2015",0.402798,0.5636,10765.17,25307.314624374
"PRT","2016",0.418464,0.5856,11229.76,25349.7864073952
"PRT","2017",0.429893,0.6016,11642.51,25288.7214986397
"PRT","2018",0.438781,0.614,12004.09,25487.063695971
"ROU","1960",0.318261,0.4131,NA,NA
"ROU","1961",0.310233,0.4026,NA,NA
"ROU","1962",0.344407,0.447,NA,NA
"ROU","1963",0.324531,0.4212,NA,NA
"ROU","1964",0.31181,0.4047,NA,NA
"ROU","1965",0.304702,0.3955,NA,NA
"ROU","1966",0.316978,0.4114,NA,NA
"ROU","1967",0.342551,0.4446,NA,NA
"ROU","1968",0.381122,0.4947,NA,NA
"ROU","1969",0.366724,0.476,NA,NA
"ROU","1970",0.369595,0.4797,NA,NA
"ROU","1971",0.369537,0.4796,NA,NA
"ROU","1972",0.399164,0.5181,NA,NA
"ROU","1973",0.434732,0.5642,NA,NA
"ROU","1974",0.433106,0.5621,NA,NA
"ROU","1975",0.438499,0.5691,NA,NA
"ROU","1976",0.415165,0.5388,NA,NA
"ROU","1977",0.387909,0.5035,NA,NA
"ROU","1978",0.34786,0.4515,NA,NA
"ROU","1979",0.356751,0.463,NA,NA
"ROU","1980",0.37343,0.4847,NA,NA
"ROU","1981",0.357099,0.4635,NA,NA
"ROU","1982",0.330949,0.4295,NA,NA
"ROU","1983",0.325812,0.4229,NA,NA
"ROU","1984",0.316138,0.4103,NA,NA
"ROU","1985",0.310268,0.4027,NA,NA
"ROU","1986",0.307274,0.3988,NA,NA
"ROU","1987",0.305433,0.3964,NA,NA
"ROU","1988",0.347487,0.451,NA,NA
"ROU","1989",0.384108,0.4985,NA,NA
"ROU","1990",0.338896,0.4398,NA,NA
"ROU","1991",0.388932,0.5048,NA,NA
"ROU","1992",0.304832,0.3956,NA,NA
"ROU","1993",0.254634,0.3305,NA,NA
"ROU","1994",0.220709,0.2864,NA,NA
"ROU","1995",0.178601,0.2318,NA,NA
"ROU","1996",0.134242,0.1742,NA,NA
"ROU","1997",0.201433,0.2614,NA,NA
"ROU","1998",0.19863,0.2578,NA,NA
"ROU","1999",0.187063,0.2428,NA,NA
"ROU","2000",0.195235,0.2534,NA,NA
"ROU","2001",0.286426,0.3717,NA,NA
"ROU","2002",0.285531,0.3706,NA,NA
"ROU","2003",0.349136,0.4579,NA,NA
"ROU","2004",0.33418,0.4383,NA,NA
"ROU","2005",0.316649,0.4153,NA,NA
"ROU","2006",0.27939,0.3714,NA,NA
"ROU","2007",0.262803,0.3808,NA,NA
"ROU","2008",0.282392,0.4065,NA,NA
"ROU","2009",0.317124,0.4351,NA,NA
"ROU","2010",0.31514,0.4264,NA,NA
"ROU","2011",0.331191,0.4548,NA,NA
"ROU","2012",0.32543,0.4525,NA,NA
"ROU","2013",0.348536,0.477,NA,NA
"ROU","2014",0.375418,0.5138,NA,NA
"ROU","2015",0.401115,0.549,NA,NA
"ROU","2016",0.407257,0.5574,NA,NA
"ROU","2017",0.435875,0.5966,NA,NA
"ROU","2018",0.426596,0.5839,NA,NA
"RUS","2000",NA,NA,331.44,NA
"RUS","2001",NA,NA,516.75,NA
"RUS","2002",NA,NA,714.06,NA
"RUS","2003",NA,NA,765.65,NA
"RUS","2004",NA,NA,849.81,NA
"RUS","2005",NA,NA,930.11,NA
"RUS","2006",NA,NA,1260.7,NA
"RUS","2007",NA,NA,2418.2,NA
"RUS","2008",NA,NA,2119.17,NA
"RUS","2009",NA,NA,3573.36,NA
"RUS","2010",NA,NA,3344.29,NA
"RUS","2011",NA,NA,3200.74,NA
"RUS","2012",NA,NA,3125.52,NA
"RUS","2013",NA,NA,3304.92,NA
"RUS","2014",NA,NA,3270.74,NA
"RUS","2015",NA,NA,3039.95,NA
"RUS","2016",NA,NA,2954.23,NA
"RUS","2017",NA,NA,3513.38,NA
"RUS","2018",NA,NA,4734.24,NA
"SVK","1991",0.477697,0.5876,5736.05,NA
"SVK","1992",0.437125,0.5367,6263.57,NA
"SVK","1993",0.379292,0.4664,5224.81,NA
"SVK","1994",0.350431,0.4324,4988.56,11480.6854917065
"SVK","1995",0.306792,0.3781,4541.62,12363.5202936489
"SVK","1996",0.291666,0.3586,4622.22,13401.7860965169
"SVK","1997",0.263529,0.3246,4457.94,15227.4389783645
"SVK","1998",0.286206,0.3531,4643.74,15845.3258077263
"SVK","1999",0.315426,0.3894,4829.77,15511.6539850633
"SVK","2000",0.341102,0.42,5123.12,16080.0569555659
"SVK","2001",0.350582,0.4321,5273.87,16068.7064854123
"SVK","2002",0.340381,0.4179,5737.67,16913.1830828271
"SVK","2003",0.363109,0.4474,5925.1,17281.807472692
"SVK","2004",0.350976,0.4418,5980.63,17565.8637552184
"SVK","2005",0.346102,0.4322,6213.58,18706.242783276
"SVK","2006",0.346558,0.4453,6374.96,19326.0793307524
"SVK","2007",0.345496,0.4431,6773.91,20514.3873202058
"SVK","2008",0.336511,0.4282,6790.5,20718.3013342358
"SVK","2009",0.355309,0.4536,7344.42,21416.4517682614
"SVK","2010",0.369388,0.4568,7575.15,22359.7880991011
"SVK","2011",0.357787,0.4567,7509.77,22161.145244786
"SVK","2012",0.35777,0.4512,7481.61,21916.8050911766
"SVK","2013",0.359633,0.4554,7615.06,22082.4824065428
"SVK","2014",0.366506,0.451,7943.57,22510.8671166364
"SVK","2015",0.36909,0.473,8603.42,23343.9743397098
"SVK","2016",0.375166,0.4771,9217.37,24053.0532434343
"SVK","2017",0.38162,0.4796,9771.93,24719.5049539902
"SVK","2018",0.394015,0.4929,10518.39,25356.6822930888
"SVN","1995",NA,NA,8400.17,23337.726358869
"SVN","1996",NA,NA,8822.78,24544.076024541
"SVN","1997",NA,NA,9022.8,25880.3426908807
"SVN","1998",NA,NA,9084.96,26217.5674176381
"SVN","1999",NA,NA,9467.99,26697.1166221616
"SVN","2000",NA,NA,9586.65,27455.1110747223
"SVN","2001",NA,NA,10042.19,28565.5682716746
"SVN","2002",NA,NA,10417.69,28647.2480663159
"SVN","2003",NA,NA,10760.01,29246.6523894201
"SVN","2004",NA,NA,11112.98,30686.5862150333
"SVN","2005",0.43128,0.5117,11383.21,31855.1560295334
"SVN","2006",0.428455,0.5247,11481.32,32888.1299054263
"SVN","2007",0.414585,0.5077,11353.75,33606.5085912658
"SVN","2008",0.413592,0.5065,11610.88,34097.1682714636
"SVN","2009",0.414849,0.5081,11943.9,34435.8498219121
"SVN","2010",0.480324,0.5898,14083.36,35473.8145242064
"SVN","2011",0.493732,0.6063,14503.16,35340.7644739216
"SVN","2012",0.504881,0.62,14463.05,34227.6616446995
"SVN","2013",0.519311,0.6377,14595.86,33748.9301812652
"SVN","2014",0.494786,0.6002,14660.36,34282.4843671656
"SVN","2015",0.491247,0.5959,14775.89,34933.6477267953
"SVN","2016",0.482328,0.5851,14784.02,36153.4368991805
"SVN","2017",0.478106,0.5799,14838.03,36883.0055204703
"SVN","2018",0.484297,0.5874,15269.87,37321.9086709927
"SWE","1990",NA,NA,NA,28576.2498070392
"SWE","1991",NA,NA,NA,27195.8171155594
"SWE","1992",NA,NA,NA,28045.4173220765
"SWE","1993",NA,NA,NA,27712.8333937105
"SWE","1994",NA,NA,NA,28396.9856643887
"SWE","1995",NA,NA,NA,28450.2012737152
"SWE","1996",NA,NA,NA,30117.1630783941
"SWE","1997",NA,NA,NA,31329.7206076108
"SWE","1998",NA,NA,NA,32319.0024261265
"SWE","1999",NA,NA,NA,32992.6207356041
"SWE","2000",NA,NA,NA,33964.4213313847
"SWE","2001",NA,NA,NA,34287.2197032212
"SWE","2002",NA,NA,NA,34808.219209881
"SWE","2003",NA,NA,NA,35240.4933955025
"SWE","2004",NA,NA,NA,36310.7787163917
"SWE","2005",NA,NA,NA,37018.8522689722
"SWE","2006",NA,NA,NA,37913.3589869779
"SWE","2007",NA,NA,NA,39137.087703453
"SWE","2008",NA,NA,NA,39678.8303101755
"SWE","2009",NA,NA,NA,39938.3121151627
"SWE","2010",NA,NA,NA,40175.4247888686
"SWE","2011",NA,NA,NA,40680.5634143444
"SWE","2012",NA,NA,NA,41581.035681636
"SWE","2013",NA,NA,NA,42015.7606411142
"SWE","2014",NA,NA,NA,42444.0857777945
"SWE","2015",NA,NA,NA,43159.3923431633
"SWE","2016",NA,NA,NA,43735.7274231448
"SWE","2017",NA,NA,NA,43987.4903851589
"SWE","2018",NA,NA,NA,44196.2394518027
"TUR","1970",0.438243,0.8272,NA,NA
"TUR","1971",0.330381,0.6236,NA,NA
"TUR","1972",0.329289,0.6215,NA,NA
"TUR","1973",0.372657,0.7034,NA,NA
"TUR","1974",0.376674,0.711,NA,NA
"TUR","1975",0.354782,0.6696,NA,NA
"TUR","1976",0.338537,0.639,NA,NA
"TUR","1977",0.304641,0.575,NA,NA
"TUR","1978",0.36874,0.696,NA,NA
"TUR","1979",0.33585,0.6339,NA,NA
"TUR","1980",0.251241,0.4742,NA,NA
"TUR","1981",0.265758,0.5016,NA,NA
"TUR","1982",0.233169,0.4401,NA,NA
"TUR","1983",0.272023,0.5134,NA,NA
"TUR","1984",0.275862,0.5207,NA,NA
"TUR","1985",0.254192,0.4798,NA,NA
"TUR","1986",0.273538,0.5163,NA,NA
"TUR","1987",0.259398,0.4896,NA,NA
"TUR","1988",0.27627,0.5214,NA,NA
"TUR","1989",0.205104,0.3871,NA,NA
"TUR","1990",0.197205,0.3722,NA,NA
"TUR","1991",0.162795,0.3072,NA,NA
"TUR","1992",0.176427,0.333,NA,NA
"TUR","1993",0.184198,0.3476,NA,NA
"TUR","1994",0.186363,0.3517,5609.34,NA
"TUR","1995",0.204751,0.3864,5437.29,NA
"TUR","1996",0.250363,0.4725,6467.4,NA
"TUR","1997",0.272482,0.5143,7152.91,NA
"TUR","1998",0.242349,0.4574,6371.56,NA
"TUR","1999",0.286826,0.5414,8169.74,NA
"TUR","2000",0.242695,0.4581,7022.35,NA
"TUR","2001",0.2438,0.4601,6056.07,NA
"TUR","2002",0.282043,0.5323,6490.01,NA
"TUR","2003",0.310358,0.5858,6907.28,NA
"TUR","2004",0.392147,0.7402,9012.12,NA
"TUR","2005",0.394397,0.7444,9389.92,NA
"TUR","2006",0.384279,0.7253,9309.24,NA
"TUR","2007",0.379009,0.7154,9248.87,NA
"TUR","2008",0.375641,0.709,9101.11,NA
"TUR","2009",0.377552,0.7126,9334.26,NA
"TUR","2010",0.385077,0.6977,9423.35,NA
"TUR","2011",0.393907,0.7137,9706.19,NA
"TUR","2012",0.402549,0.7293,9969.51,NA
"TUR","2013",0.398587,0.7222,10153.29,NA
"TUR","2014",0.393432,0.6896,10282.93,NA
"TUR","2015",0.398897,0.6991,11031.61,NA
"TUR","2016",0.424599,0.7442,13237.78,NA
"TUR","2017",0.419329,0.735,12854.16,NA
"TUR","2018",0.404645,0.7092,12616.02,NA
"USA","1960",NA,0.4694,17660.26,NA
"USA","1961",NA,0.4816,18346.83,NA
"USA","1962",NA,0.5088,19856.12,NA
"USA","1963",NA,0.5086,20178.74,NA
"USA","1964",NA,0.5208,21049.26,NA
"USA","1965",NA,0.498,20720.8,NA
"USA","1966",NA,0.4789,20114.33,NA
"USA","1967",NA,0.5091,21724.54,NA
"USA","1968",NA,0.5505,23772.73,NA
"USA","1969",NA,0.528,22781.01,NA
"USA","1970",NA,0.4923,21524.37,NA
"USA","1971",NA,0.4637,20638.41,NA
"USA","1972",NA,0.4444,19984.46,NA
"USA","1973",0.365296,0.402,18821.7,NA
"USA","1974",0.397872,0.442,19774.5,NA
"USA","1975",0.409356,0.4535,20380.95,NA
"USA","1976",0.423572,0.4665,21109.3,NA
"USA","1977",0.393162,0.4339,19820.63,NA
"USA","1978",0.424,0.4665,21217.69,NA
"USA","1979",0.423357,0.4754,20870.5,NA
"USA","1980",0.417227,0.4661,19647.73,NA
"USA","1981",0.416149,0.4646,19243.47,NA
"USA","1982",0.38818,0.4339,18131.73,NA
"USA","1983",0.372636,0.4339,17567.39,NA
"USA","1984",0.356382,0.4105,16843.05,NA
"USA","1985",0.342185,0.3841,16266.31,NA
"USA","1986",0.329724,0.3747,15963.32,NA
"USA","1987",0.317535,0.3606,15399.01,NA
"USA","1988",0.307057,0.3453,14795.68,NA
"USA","1989",0.285349,0.336,14114.38,NA
"USA","1990",0.299756,0.3561,14740.65,45736.1458733889
"USA","1991",0.323185,0.3854,15867.53,46046.5683473717
"USA","1992",0.322948,0.3825,15819.82,47113.6977898928
"USA","1993",0.3125,0.3673,15366.26,46843.155889022
"USA","1994",0.286581,0.3638,14975.78,46663.0261663642
"USA","1995",0.287162,0.3547,14567.11,46934.6571321225
"USA","1996",0.28759,0.3575,14568.52,47614.6567496018
"USA","1997",0.307304,0.3879,15889.27,48796.8693283286
"USA","1998",0.309309,0.3937,16501.34,50805.13643281
"USA","1999",0.296829,0.375,16148.02,52135.4038572558
"USA","2000",0.285318,0.3576,15620.54,53903.8214604086
"USA","2001",0.270625,0.3449,15191.21,54359.7228285756
"USA","2002",0.262755,0.3388,14954.03,54787.7128380292
"USA","2003",0.257114,0.3322,14622.1,55459.6798617824
"USA","2004",0.249636,0.3228,14240.84,56489.5859783884
"USA","2005",0.244888,0.3163,13773.53,56556.6669767993
"USA","2006",0.236781,0.3069,13343.09,57453.9839509327
"USA","2007",0.234536,0.3141,13745.68,58597.2931724803
"USA","2008",0.253706,0.3412,14935.61,58400.8692610834
"USA","2009",0.269548,0.3712,16693.09,58872.6075559865
"USA","2010",0.284313,0.3881,17365.72,59476.6360313189
"USA","2011",0.279598,0.3833,16834.29,59562.4746879543
"USA","2012",0.271739,0.3774,16492.99,60047.2052094636
"USA","2013",0.267527,0.3735,16254.89,59765.757185802
"USA","2014",0.26625,0.3665,15995.41,60617.9720234069
"USA","2015",0.251911,0.3583,15976.45,62106.2952254898
"USA","2016",0.248287,0.3485,15777.41,62153.1240100282
"USA","2017",0.242881,0.3372,15448.34,62727.4359508054
"USA","2018",0.232,0.3273,15080,63093.0146425662
